"OTU.ID","Sample","Reads"
"OTU95","S009007",351
"OTU297","S009007",1
"OTU281","S009007",3
"OTU497","S009007",1
"OTU366","S009007",3
"OTU420","S009007",5
"OTU339","S009007",1
"OTU424","S009007",1
"OTU671","S009007",1
"OTU361","S009007",1
"OTU446","S009007",3
"OTU434","S009007",1
"OTU405","S009007",1
"OTU305","S009007",1
"OTU198","S009007",109
"OTU551","S009007",1
"OTU380","S009007",2
"OTU195","S009007",93
"OTU532","S009007",1
"OTU872","S009007",1
"OTU318","S009007",5
"OTU493","S009007",3
"OTU20","S009007",1
"OTU38","S009007",3
"OTU56","S009037",2926
"OTU297","S009037",3
"OTU281","S009037",5
"OTU497","S009037",2
"OTU420","S009037",2
"OTU632","S009037",1
"OTU671","S009037",3
"OTU361","S009037",4
"OTU446","S009037",1
"OTU434","S009037",3
"OTU405","S009037",4
"OTU556","S009037",2
"OTU417","S009037",1
"OTU551","S009037",1
"OTU380","S009037",1
"OTU465","S009037",3
"OTU532","S009037",2
"OTU523","S009037",1
"OTU559","S009037",7
"OTU483","S009037",2
"OTU678","S009037",5
"OTU9","S009099",8
"OTU17","S009099",4
"OTU10","S009099",1
"OTU68","S009099",555
"OTU77","S009099",1
"OTU297","S009099",2
"OTU281","S009099",2
"OTU497","S009099",1
"OTU420","S009099",1
"OTU339","S009099",2
"OTU424","S009099",1
"OTU671","S009099",1
"OTU446","S009099",2
"OTU434","S009099",1
"OTU405","S009099",1
"OTU380","S009099",1
"OTU532","S009099",1
"OTU523","S009099",1
"OTU872","S009099",1
"OTU32","S009099",2
"OTU27","S009099",10
"OTU37","S009016",2537
"OTU127","S009016",2608
"OTU297","S009016",2
"OTU497","S009016",2
"OTU420","S009016",1
"OTU632","S009016",1
"OTU671","S009016",1
"OTU361","S009016",2
"OTU434","S009016",2
"OTU405","S009016",1
"OTU417","S009016",3
"OTU380","S009016",1
"OTU523","S009016",1
"OTU435","S009016",6
"OTU656","S009016",2
"OTU88","S008895",987
"OTU497","S008895",1
"OTU671","S008895",3
"OTU405","S008895",1
"OTU556","S008895",1
"OTU305","S008895",1
"OTU417","S008895",3
"OTU380","S008895",1
"OTU532","S008895",2
"OTU523","S008895",1
"OTU474","S008895",8
"OTU25","S008895",1
"OTU802","S008895",1
"OTU297","S009001",3
"OTU281","S009001",1
"OTU497","S009001",3
"OTU366","S009001",2
"OTU420","S009001",1
"OTU339","S009001",1
"OTU632","S009001",2
"OTU424","S009001",1
"OTU446","S009001",1
"OTU434","S009001",1
"OTU305","S009001",1
"OTU551","S009001",1
"OTU465","S009001",1
"OTU910","S009001",1
"OTU523","S009001",1
"OTU609","S009001",1
"OTU574","S009001",8
"OTU52","S009001",996
"OTU302","S009001",6
"OTU235","S009001",8
"OTU315","S009001",4
"OTU233","S009001",18
"OTU281","S009006",2
"OTU497","S009006",1
"OTU366","S009006",2
"OTU420","S009006",1
"OTU632","S009006",2
"OTU424","S009006",1
"OTU671","S009006",2
"OTU446","S009006",1
"OTU434","S009006",5
"OTU305","S009006",2
"OTU417","S009006",1
"OTU551","S009006",1
"OTU532","S009006",1
"OTU523","S009006",1
"OTU429","S009006",1
"OTU812","S009006",1
"OTU139","S009006",31
"OTU297","S008897",1
"OTU281","S008897",1
"OTU420","S008897",2
"OTU632","S008897",1
"OTU424","S008897",1
"OTU671","S008897",1
"OTU446","S008897",3
"OTU405","S008897",1
"OTU380","S008897",2
"OTU465","S008897",1
"OTU523","S008897",1
"OTU429","S008897",1
"OTU812","S008897",1
"OTU46","S008897",1759
"OTU247","S008897",34
"OTU592","S008897",5
"OTU386","S008897",5
"OTU828","S008897",3
"OTU649","S008897",2
"OTU696","S008897",2
"OTU30","S009017",1760
"OTU54","S009017",1317
"OTU39","S009017",1123
"OTU281","S009017",1
"OTU497","S009017",1
"OTU366","S009017",2
"OTU420","S009017",1
"OTU339","S009017",3
"OTU632","S009017",2
"OTU424","S009017",1
"OTU671","S009017",1
"OTU361","S009017",1
"OTU405","S009017",3
"OTU305","S009017",3
"OTU551","S009017",2
"OTU380","S009017",1
"OTU465","S009017",1
"OTU532","S009017",2
"OTU910","S009017",1
"OTU609","S009017",1
"OTU185","S009017",12
"OTU843","S009017",6
"OTU309","S009017",5
"OTU243","S009017",4
"OTU607","S009017",4
"OTU572","S009017",4
"OTU279","S009017",3
"OTU289","S009017",3
"OTU332","S009017",3
"OTU838","S009017",3
"OTU437","S009017",3
"OTU606","S009017",2
"OTU846","S009017",2
"OTU712","S009017",2
"OTU776","S009017",2
"OTU379","S009017",2
"OTU861","S009017",2
"OTU780","S009017",2
"OTU440","S009017",2
"OTU389","S009017",2
"OTU737","S009017",2
"OTU399","S009017",2
"OTU596","S009017",2
"OTU749","S009017",2
"OTU731","S009017",2
"OTU281","S008870",1
"OTU366","S008870",1
"OTU420","S008870",3
"OTU339","S008870",3
"OTU424","S008870",1
"OTU671","S008870",1
"OTU446","S008870",1
"OTU556","S008870",2
"OTU417","S008870",1
"OTU551","S008870",3
"OTU465","S008870",2
"OTU532","S008870",3
"OTU523","S008870",1
"OTU188","S008870",13
"OTU13","S009010",5613
"OTU297","S009010",4
"OTU281","S009010",2
"OTU497","S009010",2
"OTU366","S009010",3
"OTU420","S009010",1
"OTU339","S009010",1
"OTU632","S009010",1
"OTU424","S009010",1
"OTU671","S009010",1
"OTU361","S009010",1
"OTU446","S009010",3
"OTU434","S009010",2
"OTU556","S009010",1
"OTU305","S009010",1
"OTU532","S009010",1
"OTU429","S009010",1
"OTU177","S009010",22
"OTU276","S009010",16
"OTU457","S009010",12
"OTU209","S009010",12
"OTU258","S009010",8
"OTU766","S009010",5
"OTU852","S009010",4
"OTU717","S009010",2
"OTU665","S009010",2
"OTU297","S009013",1
"OTU281","S009013",1
"OTU424","S009013",1
"OTU671","S009013",2
"OTU405","S009013",2
"OTU556","S009013",1
"OTU417","S009013",1
"OTU380","S009013",2
"OTU532","S009013",1
"OTU20","S009013",1127
"OTU708","S009013",2
"OTU81","S009003",496
"OTU497","S009003",1
"OTU366","S009003",2
"OTU339","S009003",2
"OTU424","S009003",1
"OTU434","S009003",1
"OTU305","S009003",1
"OTU417","S009003",1
"OTU551","S009003",1
"OTU240","S009003",5
"OTU10","S009027",6296
"OTU91","S009027",1924
"OTU421","S009027",1420
"OTU297","S009027",2
"OTU281","S009027",2
"OTU497","S009027",2
"OTU366","S009027",1
"OTU420","S009027",1
"OTU339","S009027",2
"OTU632","S009027",1
"OTU424","S009027",1
"OTU671","S009027",1
"OTU434","S009027",1
"OTU305","S009027",2
"OTU417","S009027",1
"OTU551","S009027",1
"OTU380","S009027",1
"OTU532","S009027",1
"OTU910","S009027",1
"OTU758","S009027",55
"OTU647","S009027",9
"OTU535","S009027",8
"OTU407","S009027",7
"OTU350","S009027",7
"OTU521","S009027",6
"OTU558","S009027",6
"OTU763","S009027",4
"OTU889","S009027",4
"OTU282","S009027",4
"OTU487","S009027",2
"OTU19","S008809",8083
"OTU297","S008809",1
"OTU281","S008809",1
"OTU497","S008809",7
"OTU339","S008809",4
"OTU632","S008809",1
"OTU424","S008809",2
"OTU671","S008809",1
"OTU361","S008809",2
"OTU446","S008809",2
"OTU434","S008809",1
"OTU405","S008809",3
"OTU556","S008809",3
"OTU305","S008809",1
"OTU551","S008809",3
"OTU380","S008809",2
"OTU465","S008809",1
"OTU910","S008809",1
"OTU523","S008809",1
"OTU429","S008809",1
"OTU652","S008809",2
"OTU508","S008809",2
"OTU133","S008809",266
"OTU49","S008885",70
"OTU37","S008885",933
"OTU127","S008885",417
"OTU297","S008885",2
"OTU497","S008885",1
"OTU220","S008885",189
"OTU420","S008885",1
"OTU446","S008885",1
"OTU434","S008885",1
"OTU532","S008885",1
"OTU429","S008885",1
"OTU728","S008885",1
"OTU13","S008864",13
"OTU8","S008864",29
"OTU37","S008864",7
"OTU127","S008864",1
"OTU281","S008864",1
"OTU220","S008864",9
"OTU366","S008864",3
"OTU420","S008864",2
"OTU339","S008864",2
"OTU632","S008864",1
"OTU424","S008864",2
"OTU671","S008864",1
"OTU361","S008864",1
"OTU446","S008864",2
"OTU434","S008864",1
"OTU405","S008864",1
"OTU556","S008864",1
"OTU305","S008864",2
"OTU417","S008864",1
"OTU551","S008864",3
"OTU380","S008864",1
"OTU465","S008864",1
"OTU872","S008864",1
"OTU576","S008864",2
"OTU48","S008864",1292
"OTU147","S008864",55
"OTU179","S008864",22
"OTU166","S008864",31
"OTU585","S008864",2
"OTU548","S008864",3
"OTU480","S008864",3
"OTU810","S008864",2
"OTU50","S008818",150
"OTU30","S008818",6
"OTU54","S008818",7
"OTU64","S008818",32
"OTU76","S008818",34
"OTU297","S008818",4
"OTU281","S008818",1
"OTU497","S008818",2
"OTU366","S008818",1
"OTU339","S008818",1
"OTU632","S008818",2
"OTU424","S008818",1
"OTU671","S008818",2
"OTU361","S008818",2
"OTU434","S008818",1
"OTU305","S008818",1
"OTU417","S008818",1
"OTU118","S008818",9
"OTU551","S008818",1
"OTU532","S008818",1
"OTU910","S008818",1
"OTU523","S008818",1
"OTU872","S008818",1
"OTU429","S008818",1
"OTU214","S008818",4
"OTU609","S008818",1
"OTU180","S008818",2
"OTU340","S008818",1
"OTU234","S008818",1
"OTU1","S008818",2
"OTU3","S008818",5
"OTU5","S008818",7802
"OTU698","S008818",732
"OTU72","S008818",253
"OTU808","S008818",58
"OTU197","S008818",27
"OTU254","S008818",11
"OTU106","S008818",9
"OTU782","S008818",7
"OTU786","S008818",6
"OTU93","S008818",5
"OTU787","S008818",5
"OTU883","S008818",5
"OTU778","S008818",5
"OTU143","S008818",4
"OTU107","S008818",4
"OTU654","S008818",4
"OTU729","S008818",4
"OTU815","S008818",3
"OTU273","S008818",3
"OTU207","S008818",2
"OTU549","S008818",2
"OTU690","S008818",2
"OTU62","S008818",1
"OTU151","S008818",1
"OTU694","S008818",1
"OTU554","S008818",1
"OTU8","S009057",4947
"OTU297","S009057",4
"OTU281","S009057",1
"OTU497","S009057",3
"OTU366","S009057",3
"OTU420","S009057",1
"OTU339","S009057",1
"OTU424","S009057",4
"OTU671","S009057",1
"OTU446","S009057",3
"OTU434","S009057",2
"OTU556","S009057",1
"OTU305","S009057",2
"OTU417","S009057",1
"OTU380","S009057",3
"OTU429","S009057",2
"OTU16","S008874",3483
"OTU297","S008874",3
"OTU281","S008874",2
"OTU497","S008874",1
"OTU366","S008874",1
"OTU420","S008874",2
"OTU632","S008874",1
"OTU671","S008874",2
"OTU361","S008874",1
"OTU405","S008874",1
"OTU556","S008874",3
"OTU417","S008874",2
"OTU380","S008874",1
"OTU465","S008874",1
"OTU532","S008874",1
"OTU910","S008874",1
"OTU523","S008874",1
"OTU798","S008874",2
"OTU124","S008874",151
"OTU99","S008874",173
"OTU246","S008874",11
"OTU296","S008874",12
"OTU528","S008874",32
"OTU395","S008874",2
"OTU40","S009098",3067
"OTU116","S009098",419
"OTU297","S009098",3
"OTU281","S009098",3
"OTU497","S009098",1
"OTU366","S009098",3
"OTU420","S009098",6
"OTU339","S009098",1
"OTU671","S009098",1
"OTU361","S009098",5
"OTU446","S009098",1
"OTU434","S009098",1
"OTU405","S009098",2
"OTU380","S009098",1
"OTU465","S009098",3
"OTU910","S009098",1
"OTU812","S009098",1
"OTU402","S009098",13
"OTU329","S009098",5
"OTU330","S009098",5
"OTU482","S009098",2
"OTU384","S009098",2
"OTU297","S009011",1
"OTU281","S009011",1
"OTU366","S009011",2
"OTU339","S009011",1
"OTU424","S009011",1
"OTU361","S009011",2
"OTU446","S009011",1
"OTU405","S009011",1
"OTU556","S009011",1
"OTU417","S009011",1
"OTU465","S009011",1
"OTU910","S009011",1
"OTU429","S009011",1
"OTU49","S009012",3585
"OTU297","S009012",2
"OTU281","S009012",3
"OTU366","S009012",3
"OTU420","S009012",1
"OTU424","S009012",2
"OTU671","S009012",1
"OTU361","S009012",1
"OTU446","S009012",1
"OTU405","S009012",1
"OTU305","S009012",1
"OTU417","S009012",1
"OTU551","S009012",1
"OTU380","S009012",2
"OTU465","S009012",1
"OTU910","S009012",1
"OTU872","S009012",1
"OTU728","S009012",8
"OTU375","S009012",5
"OTU792","S009012",5
"OTU306","S009012",5
"OTU491","S009012",3
"OTU881","S009012",3
"OTU777","S009012",2
"OTU515","S009012",2
"OTU371","S009012",2
"OTU907","S009012",2
"OTU711","S009012",2
"OTU906","S009012",2
"OTU823","S009012",2
"OTU545","S009012",3
"OTU639","S009012",3
"OTU396","S009012",2
"OTU500","S009012",5
"OTU404","S009012",7
"OTU800","S009012",2
"OTU646","S009012",2
"OTU281","S008866",4
"OTU420","S008866",2
"OTU339","S008866",3
"OTU424","S008866",1
"OTU671","S008866",2
"OTU361","S008866",1
"OTU446","S008866",3
"OTU434","S008866",1
"OTU405","S008866",1
"OTU417","S008866",1
"OTU551","S008866",1
"OTU465","S008866",1
"OTU297","S009002",1
"OTU497","S009002",2
"OTU420","S009002",5
"OTU84","S009002",186
"OTU632","S009002",1
"OTU424","S009002",2
"OTU671","S009002",4
"OTU556","S009002",1
"OTU305","S009002",2
"OTU380","S009002",1
"OTU2","S009002",1
"OTU45","S009089",1693
"OTU297","S009089",2
"OTU281","S009089",2
"OTU497","S009089",1
"OTU366","S009089",1
"OTU420","S009089",1
"OTU632","S009089",3
"OTU424","S009089",1
"OTU671","S009089",3
"OTU446","S009089",2
"OTU405","S009089",1
"OTU556","S009089",1
"OTU417","S009089",2
"OTU465","S009089",1
"OTU532","S009089",1
"OTU523","S009089",1
"OTU429","S009089",1
"OTU754","S009089",2
"OTU257","S009089",6
"OTU9","S008887",6771
"OTU366","S008887",2
"OTU420","S008887",1
"OTU339","S008887",2
"OTU632","S008887",2
"OTU570","S008887",1
"OTU301","S008887",3
"OTU429","S008887",1
"OTU615","S008887",3
"OTU817","S008887",8
"OTU264","S008887",9
"OTU242","S008887",8
"OTU598","S008887",7
"OTU316","S008887",7
"OTU842","S008887",6
"OTU439","S008887",6
"OTU660","S008887",5
"OTU518","S008887",4
"OTU896","S008887",3
"OTU676","S008887",3
"OTU533","S008887",2
"OTU378","S008887",2
"OTU6","S008887",2
"OTU27","S008887",2
"OTU297","S009005",1
"OTU281","S009005",3
"OTU497","S009005",3
"OTU366","S009005",3
"OTU420","S009005",1
"OTU424","S009005",2
"OTU671","S009005",3
"OTU361","S009005",2
"OTU446","S009005",4
"OTU434","S009005",2
"OTU405","S009005",3
"OTU556","S009005",3
"OTU380","S009005",1
"OTU465","S009005",3
"OTU872","S009005",1
"OTU812","S009005",1
"OTU860","S009005",3
"OTU32","S009005",1
"OTU297","S009088",2
"OTU281","S009088",2
"OTU497","S009088",2
"OTU366","S009088",2
"OTU420","S009088",1
"OTU632","S009088",1
"OTU424","S009088",1
"OTU446","S009088",1
"OTU405","S009088",1
"OTU305","S009088",1
"OTU417","S009088",2
"OTU380","S009088",2
"OTU465","S009088",2
"OTU872","S009088",1
"OTU172","S009088",110
"OTU765","S009088",5
"OTU277","S009088",23
"OTU9","S008876",44
"OTU49","S008876",1
"OTU297","S008876",2
"OTU281","S008876",1
"OTU497","S008876",1
"OTU366","S008876",1
"OTU339","S008876",1
"OTU632","S008876",3
"OTU424","S008876",2
"OTU671","S008876",2
"OTU361","S008876",1
"OTU446","S008876",1
"OTU434","S008876",3
"OTU417","S008876",1
"OTU380","S008876",2
"OTU146","S008876",98
"OTU465","S008876",1
"OTU523","S008876",1
"OTU429","S008876",1
"OTU609","S008876",1
"OTU203","S008876",3
"OTU469","S008876",4
"OTU44","S008892",1717
"OTU281","S008892",2
"OTU497","S008892",1
"OTU366","S008892",1
"OTU339","S008892",2
"OTU632","S008892",1
"OTU424","S008892",2
"OTU671","S008892",2
"OTU361","S008892",1
"OTU446","S008892",1
"OTU434","S008892",1
"OTU405","S008892",2
"OTU556","S008892",1
"OTU305","S008892",1
"OTU551","S008892",1
"OTU523","S008892",1
"OTU872","S008892",1
"OTU524","S008892",2
"OTU297","S008880",1
"OTU281","S008880",1
"OTU420","S008880",1
"OTU339","S008880",1
"OTU671","S008880",1
"OTU446","S008880",1
"OTU434","S008880",3
"OTU405","S008880",2
"OTU305","S008880",1
"OTU380","S008880",3
"OTU465","S008880",1
"OTU532","S008880",1
"OTU53","S008880",3631
"OTU159","S008880",369
"OTU92","S008880",681
"OTU79","S008880",415
"OTU244","S008880",306
"OTU779","S008880",52
"OTU119","S008880",62
"OTU738","S008880",2
"OTU261","S008880",4
"OTU382","S008880",30
"OTU818","S008880",2
"OTU610","S008880",2
"OTU565","S008880",2
"OTU706","S008880",2
"OTU542","S008880",2
"OTU245","S008880",6
"OTU347","S008880",3
"OTU281","S009014",2
"OTU497","S009014",4
"OTU366","S009014",1
"OTU632","S009014",1
"OTU424","S009014",1
"OTU361","S009014",1
"OTU405","S009014",1
"OTU305","S009014",1
"OTU380","S009014",1
"OTU465","S009014",2
"OTU910","S009014",2
"OTU872","S009014",1
"OTU24","S009014",3303
"OTU849","S009014",2
"OTU297","S008893",3
"OTU281","S008893",3
"OTU497","S008893",1
"OTU366","S008893",3
"OTU632","S008893",1
"OTU424","S008893",3
"OTU361","S008893",2
"OTU434","S008893",1
"OTU405","S008893",1
"OTU556","S008893",2
"OTU417","S008893",2
"OTU148","S008893",90
"OTU532","S008893",2
"OTU203","S008893",6
"OTU304","S008893",7
"OTU636","S008893",5
"OTU441","S008893",4
"OTU751","S008893",2
"OTU6","S008893",3
"OTU31","S008893",2836
"OTU150","S008893",59
"OTU802","S008893",6
"OTU294","S008893",21
"OTU507","S008893",2
"OTU69","S009015",800
"OTU135","S009015",882
"OTU98","S009015",226
"OTU125","S009015",112
"OTU297","S009015",2
"OTU281","S009015",2
"OTU366","S009015",2
"OTU420","S009015",1
"OTU339","S009015",4
"OTU424","S009015",1
"OTU434","S009015",2
"OTU405","S009015",1
"OTU380","S009015",1
"OTU465","S009015",1
"OTU532","S009015",1
"OTU689","S009015",25
"OTU910","S009015",1
"OTU770","S009015",48
"OTU341","S009015",16
"OTU797","S009015",1
"OTU323","S009015",6
"OTU494","S009015",8
"OTU707","S009015",5
"OTU819","S009015",5
"OTU616","S009015",1
"OTU538","S009015",2
"OTU667","S009015",1
"OTU363","S009015",3
"OTU1","S009015",1
"OTU55","S008867",1518
"OTU297","S008867",2
"OTU281","S008867",1
"OTU366","S008867",1
"OTU446","S008867",1
"OTU405","S008867",1
"OTU305","S008867",1
"OTU380","S008867",1
"OTU128","S008867",2
"OTU523","S008867",1
"OTU442","S008867",53
"OTU436","S008867",22
"OTU237","S008867",13
"OTU773","S008867",7
"OTU463","S008867",5
"OTU372","S008867",4
"OTU662","S008867",3
"OTU374","S008867",3
"OTU871","S008867",3
"OTU902","S008867",3
"OTU333","S008867",3
"OTU593","S008867",2
"OTU668","S008867",2
"OTU913","S008867",2
"OTU645","S008867",2
"OTU683","S008867",2
"OTU859","S008867",2
"OTU748","S008867",2
"OTU892","S008867",2
"OTU673","S008867",2
"OTU597","S008867",2
"OTU789","S008867",2
"OTU478","S008867",2
"OTU775","S008867",2
"OTU566","S008867",2
"OTU422","S008867",2
"OTU495","S008867",2
"OTU869","S008867",2
"OTU816","S008867",2
"OTU700","S008867",2
"OTU723","S008867",7
"OTU267","S008867",10
"OTU822","S008867",2
"OTU266","S008867",22
"OTU223","S008867",12
"OTU752","S008867",5
"OTU392","S008867",2
"OTU617","S008867",2
"OTU490","S008867",2
"OTU496","S008867",2
"OTU297","S008875",1
"OTU281","S008875",2
"OTU497","S008875",1
"OTU420","S008875",1
"OTU339","S008875",3
"OTU632","S008875",3
"OTU361","S008875",1
"OTU434","S008875",1
"OTU405","S008875",3
"OTU556","S008875",1
"OTU305","S008875",1
"OTU465","S008875",2
"OTU429","S008875",1
"OTU812","S008875",1
"OTU23","S008877",2535
"OTU297","S008877",1
"OTU497","S008877",1
"OTU420","S008877",1
"OTU339","S008877",1
"OTU632","S008877",1
"OTU417","S008877",1
"OTU551","S008877",1
"OTU380","S008877",1
"OTU465","S008877",1
"OTU532","S008877",1
"OTU609","S008877",1
"OTU648","S008877",2
"OTU70","S008819",1460
"OTU281","S008819",4
"OTU497","S008819",2
"OTU366","S008819",1
"OTU632","S008819",1
"OTU671","S008819",1
"OTU361","S008819",1
"OTU305","S008819",1
"OTU417","S008819",1
"OTU484","S008819",11
"OTU338","S008819",2
"OTU448","S008819",4
"OTU423","S008819",4
"OTU297","S008886",4
"OTU281","S008886",1
"OTU497","S008886",1
"OTU366","S008886",1
"OTU671","S008886",1
"OTU434","S008886",1
"OTU405","S008886",1
"OTU305","S008886",1
"OTU380","S008886",1
"OTU465","S008886",1
"OTU58","S008886",543
"OTU78","S008886",9
"OTU17","S008865",142
"OTU18","S008865",121
"OTU37","S008865",13
"OTU70","S008865",88
"OTU297","S008865",1
"OTU281","S008865",1
"OTU420","S008865",1
"OTU339","S008865",1
"OTU671","S008865",1
"OTU114","S008865",10
"OTU556","S008865",1
"OTU551","S008865",1
"OTU523","S008865",1
"OTU274","S008865",8
"OTU338","S008865",6
"OTU93","S008865",31
"OTU11","S008865",30
"OTU58","S008865",63
"OTU186","S008865",25
"OTU90","S008865",11
"OTU8","S008882",87
"OTU55","S008882",458
"OTU135","S008882",17
"OTU88","S008882",22
"OTU366","S008882",1
"OTU446","S008882",1
"OTU114","S008882",20
"OTU556","S008882",1
"OTU305","S008882",1
"OTU465","S008882",1
"OTU128","S008882",93
"OTU532","S008882",1
"OTU910","S008882",1
"OTU173","S008882",22
"OTU269","S008882",13
"OTU635","S008882",11
"OTU357","S008882",10
"OTU82","S008882",286
"OTU58","S008882",18
"OTU222","S008882",16
"OTU851","S008882",2
"OTU78","S008882",17
"OTU90","S008882",198
"OTU187","S008882",28
"OTU904","S008882",8
"OTU753","S008882",3
"OTU762","S008882",7
"OTU287","S008882",11
"OTU714","S008882",12
"OTU215","S008882",43
"OTU320","S008882",3
"OTU582","S008882",5
"OTU769","S008882",5
"OTU426","S008882",9
"OTU807","S008882",7
"OTU540","S008882",3
"OTU790","S008882",3
"OTU381","S008882",2
"OTU618","S008882",6
"OTU459","S008882",2
"OTU546","S008882",5
"OTU370","S008882",3
"OTU874","S008882",2
"OTU317","S008882",3
"OTU725","S008882",2
"OTU431","S008882",2
"OTU806","S008882",2
"OTU835","S008882",2
"OTU56","S009047",67
"OTU23","S009047",226
"OTU55","S009047",63
"OTU98","S009047",57
"OTU497","S009047",2
"OTU366","S009047",2
"OTU632","S009047",2
"OTU424","S009047",1
"OTU671","S009047",1
"OTU446","S009047",1
"OTU405","S009047",1
"OTU134","S009047",2
"OTU305","S009047",1
"OTU417","S009047",2
"OTU465","S009047",1
"OTU910","S009047",1
"OTU188","S009047",4
"OTU24","S009047",102
"OTU58","S009047",25
"OTU78","S009047",32
"OTU161","S009047",48
"OTU387","S009047",3
"OTU35","S009000",2049
"OTU71","S009000",789
"OTU297","S009000",4
"OTU281","S009000",1
"OTU497","S009000",1
"OTU366","S009000",2
"OTU420","S009000",2
"OTU339","S009000",1
"OTU632","S009000",4
"OTU671","S009000",4
"OTU361","S009000",1
"OTU446","S009000",6
"OTU434","S009000",3
"OTU305","S009000",1
"OTU417","S009000",2
"OTU551","S009000",3
"OTU380","S009000",1
"OTU532","S009000",1
"OTU910","S009000",2
"OTU523","S009000",1
"OTU429","S009000",2
"OTU219","S009000",16
"OTU284","S009000",15
"OTU575","S009000",12
"OTU385","S009000",5
"OTU651","S009000",3
"OTU368","S009000",2
"OTU764","S009000",2
"OTU43","S008878",7
"OTU67","S008878",298
"OTU297","S008878",3
"OTU497","S008878",2
"OTU420","S008878",1
"OTU339","S008878",1
"OTU632","S008878",3
"OTU361","S008878",4
"OTU446","S008878",1
"OTU434","S008878",2
"OTU405","S008878",4
"OTU417","S008878",2
"OTU465","S008878",1
"OTU532","S008878",3
"OTU126","S008878",86
"OTU383","S008878",60
"OTU190","S008878",15
"OTU20","S008878",26
"OTU32","S008878",94
"OTU41","S008878",376
"OTU59","S008878",1816
"OTU60","S008878",81
"OTU153","S008878",57
"OTU85","S008878",288
"OTU167","S008878",27
"OTU229","S008878",22
"OTU164","S008878",29
"OTU432","S008878",3
"OTU563","S008878",6
"OTU390","S008878",2
"OTU584","S008878",4
"OTU877","S008878",2
"OTU43","S008828",1787
"OTU297","S008828",4
"OTU281","S008828",3
"OTU497","S008828",1
"OTU366","S008828",1
"OTU420","S008828",5
"OTU632","S008828",3
"OTU424","S008828",3
"OTU361","S008828",2
"OTU446","S008828",3
"OTU405","S008828",1
"OTU556","S008828",2
"OTU417","S008828",1
"OTU551","S008828",1
"OTU380","S008828",1
"OTU532","S008828",1
"OTU910","S008828",1
"OTU523","S008828",1
"OTU429","S008828",1
"OTU181","S008828",28
"OTU325","S008828",23
"OTU427","S008828",2
"OTU101","S008828",123
"OTU20","S008828",25
"OTU32","S008828",20
"OTU41","S008828",12
"OTU297","S009048",1
"OTU281","S009048",1
"OTU497","S009048",1
"OTU366","S009048",1
"OTU420","S009048",1
"OTU339","S009048",2
"OTU632","S009048",1
"OTU424","S009048",1
"OTU671","S009048",1
"OTU361","S009048",1
"OTU446","S009048",1
"OTU434","S009048",3
"OTU556","S009048",3
"OTU305","S009048",2
"OTU417","S009048",1
"OTU551","S009048",1
"OTU465","S009048",1
"OTU910","S009048",1
"OTU523","S009048",1
"OTU65","S009048",1781
"OTU60","S009048",2934
"OTU224","S009048",362
"OTU501","S009048",291
"OTU745","S009048",2
"OTU408","S009048",7
"OTU674","S009048",2
"OTU885","S009048",2
"OTU450","S009048",3
"OTU297","S008868",2
"OTU281","S008868",1
"OTU497","S008868",3
"OTU366","S008868",4
"OTU420","S008868",1
"OTU339","S008868",2
"OTU632","S008868",3
"OTU424","S008868",2
"OTU671","S008868",2
"OTU361","S008868",2
"OTU446","S008868",1
"OTU434","S008868",1
"OTU556","S008868",1
"OTU380","S008868",3
"OTU465","S008868",1
"OTU532","S008868",1
"OTU20","S008868",1
"OTU41","S008868",1
"OTU6","S008868",5943
"OTU52","S008868",1
"OTU232","S008868",30
"OTU740","S008868",7
"OTU470","S008868",2
"OTU132","S008868",54
"OTU369","S008868",3
"OTU253","S008868",19
"OTU510","S008868",12
"OTU270","S008868",16
"OTU755","S008868",7
"OTU349","S008868",6
"OTU837","S008868",6
"OTU307","S008868",7
"OTU709","S008868",6
"OTU685","S008868",5
"OTU414","S008868",2
"OTU699","S008868",5
"OTU288","S008868",4
"OTU13","S008889",799
"OTU22","S008889",3018
"OTU29","S008889",23
"OTU281","S008889",1
"OTU366","S008889",3
"OTU420","S008889",1
"OTU632","S008889",1
"OTU671","S008889",1
"OTU446","S008889",4
"OTU434","S008889",2
"OTU405","S008889",1
"OTU556","S008889",1
"OTU305","S008889",1
"OTU551","S008889",1
"OTU380","S008889",1
"OTU465","S008889",1
"OTU532","S008889",1
"OTU228","S008889",85
"OTU523","S008889",1
"OTU283","S008889",14
"OTU394","S008889",2
"OTU41","S008889",20
"OTU6","S008889",60
"OTU2","S008889",224
"OTU60","S008889",64
"OTU297","S009008",1
"OTU281","S009008",6
"OTU632","S009008",1
"OTU424","S009008",3
"OTU671","S009008",2
"OTU446","S009008",1
"OTU434","S009008",1
"OTU405","S009008",1
"OTU556","S009008",1
"OTU417","S009008",1
"OTU551","S009008",1
"OTU465","S009008",1
"OTU2","S009008",9813
"OTU210","S009008",11
"OTU251","S009008",15
"OTU293","S009008",1
"OTU820","S009008",3
"OTU643","S009008",2
"OTU67","S008858",1213
"OTU297","S008858",3
"OTU281","S008858",2
"OTU497","S008858",1
"OTU632","S008858",2
"OTU671","S008858",2
"OTU405","S008858",1
"OTU556","S008858",2
"OTU305","S008858",1
"OTU417","S008858",1
"OTU465","S008858",1
"OTU910","S008858",1
"OTU129","S008858",53
"OTU297","S008859",2
"OTU281","S008859",2
"OTU497","S008859",3
"OTU366","S008859",4
"OTU420","S008859",2
"OTU339","S008859",3
"OTU632","S008859",3
"OTU424","S008859",2
"OTU671","S008859",3
"OTU361","S008859",1
"OTU446","S008859",1
"OTU434","S008859",1
"OTU405","S008859",1
"OTU556","S008859",1
"OTU305","S008859",2
"OTU417","S008859",1
"OTU551","S008859",1
"OTU380","S008859",2
"OTU532","S008859",2
"OTU523","S008859",2
"OTU2","S008859",1
"OTU299","S008859",26
"OTU583","S008859",8
"OTU183","S008859",16
"OTU196","S008859",17
"OTU9","S008898",5
"OTU17","S008898",1
"OTU8","S008898",1
"OTU49","S008898",2
"OTU37","S008898",2
"OTU26","S008898",1
"OTU50","S008898",2
"OTU297","S008898",2
"OTU281","S008898",3
"OTU497","S008898",1
"OTU220","S008898",1
"OTU366","S008898",3
"OTU420","S008898",3
"OTU339","S008898",3
"OTU632","S008898",1
"OTU424","S008898",1
"OTU671","S008898",2
"OTU446","S008898",5
"OTU405","S008898",2
"OTU417","S008898",2
"OTU551","S008898",2
"OTU380","S008898",1
"OTU532","S008898",2
"OTU910","S008898",1
"OTU242","S008898",1
"OTU20","S008898",1
"OTU6","S008898",2
"OTU27","S008898",5
"OTU14","S008898",5
"OTU58","S008898",1
"OTU46","S008898",1
"OTU34","S008898",7
"OTU299","S008898",1
"OTU63","S009009",1965
"OTU366","S009009",3
"OTU420","S009009",2
"OTU339","S009009",1
"OTU632","S009009",3
"OTU424","S009009",1
"OTU361","S009009",1
"OTU434","S009009",1
"OTU405","S009009",1
"OTU305","S009009",3
"OTU465","S009009",1
"OTU910","S009009",1
"OTU504","S009009",9
"OTU834","S009009",3
"OTU840","S009009",2
"OTU561","S009009",2
"OTU297","S008888",1
"OTU281","S008888",1
"OTU420","S008888",1
"OTU339","S008888",1
"OTU632","S008888",1
"OTU424","S008888",3
"OTU361","S008888",2
"OTU446","S008888",4
"OTU434","S008888",2
"OTU551","S008888",1
"OTU910","S008888",1
"OTU523","S008888",1
"OTU872","S008888",1
"OTU41","S008888",612
"OTU297","S008849",2
"OTU497","S008849",1
"OTU366","S008849",2
"OTU632","S008849",1
"OTU671","S008849",1
"OTU361","S008849",1
"OTU556","S008849",1
"OTU465","S008849",2
"OTU14","S008849",3671
"OTU61","S008849",1
"OTU236","S008849",57
"OTU497","S009045",2
"OTU366","S009045",4
"OTU420","S009045",1
"OTU339","S009045",1
"OTU632","S009045",1
"OTU424","S009045",1
"OTU361","S009045",1
"OTU446","S009045",1
"OTU434","S009045",2
"OTU405","S009045",1
"OTU305","S009045",1
"OTU380","S009045",2
"OTU910","S009045",1
"OTU812","S009045",1
"OTU742","S009045",6
"OTU298","S009045",6
"OTU10","S009028",4
"OTU8","S009028",4
"OTU29","S009028",1868
"OTU297","S009028",1
"OTU497","S009028",3
"OTU366","S009028",2
"OTU632","S009028",1
"OTU424","S009028",1
"OTU671","S009028",1
"OTU556","S009028",1
"OTU305","S009028",1
"OTU417","S009028",1
"OTU249","S009028",1
"OTU910","S009028",1
"OTU523","S009028",2
"OTU872","S009028",1
"OTU314","S009028",10
"OTU32","S009028",1
"OTU3","S009028",3
"OTU14","S009028",1
"OTU236","S009028",1
"OTU7","S009035",227
"OTU281","S009035",1
"OTU497","S009035",2
"OTU366","S009035",1
"OTU339","S009035",1
"OTU632","S009035",1
"OTU424","S009035",2
"OTU671","S009035",1
"OTU405","S009035",1
"OTU532","S009035",1
"OTU812","S009035",1
"OTU281","S009018",3
"OTU420","S009018",1
"OTU424","S009018",2
"OTU671","S009018",4
"OTU361","S009018",1
"OTU446","S009018",1
"OTU405","S009018",1
"OTU556","S009018",3
"OTU417","S009018",1
"OTU465","S009018",2
"OTU532","S009018",1
"OTU910","S009018",1
"OTU429","S009018",1
"OTU51","S009018",696
"OTU105","S009018",435
"OTU903","S009018",2
"OTU373","S009018",2
"OTU833","S009018",2
"OTU17","S008829",794
"OTU297","S008829",2
"OTU281","S008829",2
"OTU497","S008829",1
"OTU366","S008829",1
"OTU420","S008829",2
"OTU632","S008829",1
"OTU424","S008829",2
"OTU671","S008829",2
"OTU446","S008829",1
"OTU434","S008829",1
"OTU405","S008829",2
"OTU305","S008829",1
"OTU417","S008829",2
"OTU551","S008829",1
"OTU532","S008829",1
"OTU113","S008829",72
"OTU121","S008829",51
"OTU157","S008829",20
"OTU250","S008829",12
"OTU274","S008829",1
"OTU238","S008829",1
"OTU865","S008829",2
"OTU879","S008829",5
"OTU348","S008829",1
"OTU464","S008829",1
"OTU516","S008829",4
"OTU858","S008829",4
"OTU514","S008829",3
"OTU346","S008829",3
"OTU680","S008829",2
"OTU705","S008829",2
"OTU17","S008848",5769
"OTU281","S008848",2
"OTU420","S008848",2
"OTU339","S008848",2
"OTU632","S008848",1
"OTU671","S008848",1
"OTU446","S008848",1
"OTU434","S008848",1
"OTU556","S008848",1
"OTU305","S008848",1
"OTU551","S008848",1
"OTU380","S008848",2
"OTU111","S008848",83
"OTU522","S008848",14
"OTU274","S008848",1
"OTU238","S008848",6
"OTU300","S008848",7
"OTU865","S008848",4
"OTU601","S008848",5
"OTU348","S008848",4
"OTU464","S008848",4
"OTU900","S008848",4
"OTU642","S008848",3
"OTU772","S008848",3
"OTU449","S008848",3
"OTU623","S008848",2
"OTU492","S008848",2
"OTU526","S008848",2
"OTU657","S008848",2
"OTU783","S008848",2
"OTU829","S008848",2
"OTU543","S008848",2
"OTU743","S008848",2
"OTU761","S008848",2
"OTU908","S008848",2
"OTU888","S008848",2
"OTU661","S008848",2
"OTU479","S008848",2
"OTU862","S008848",2
"OTU681","S008848",2
"OTU454","S008848",2
"OTU741","S008848",2
"OTU899","S008848",2
"OTU730","S008848",2
"OTU878","S008848",2
"OTU845","S008848",2
"OTU14","S008848",1
"OTU186","S008848",1
"OTU890","S008848",4
"OTU36","S009069",1792
"OTU497","S009069",1
"OTU420","S009069",1
"OTU339","S009069",2
"OTU632","S009069",2
"OTU424","S009069",2
"OTU361","S009069",1
"OTU405","S009069",1
"OTU417","S009069",2
"OTU380","S009069",1
"OTU910","S009069",1
"OTU523","S009069",1
"OTU609","S009069",1
"OTU165","S009069",23
"OTU170","S009069",23
"OTU202","S009069",22
"OTU291","S009069",21
"OTU205","S009069",20
"OTU322","S009069",19
"OTU256","S009069",15
"OTU230","S009069",14
"OTU275","S009069",9
"OTU409","S009069",9
"OTU589","S009069",8
"OTU239","S009069",8
"OTU557","S009069",7
"OTU718","S009069",7
"OTU560","S009069",6
"OTU821","S009069",5
"OTU410","S009069",5
"OTU313","S009069",5
"OTU564","S009069",2
"OTU550","S009069",2
"OTU354","S009069",6
"OTU184","S009069",14
"OTU784","S009069",3
"OTU659","S009069",6
"OTU801","S009069",2
"OTU43","S009029",5
"OTU297","S009029",3
"OTU281","S009029",2
"OTU497","S009029",2
"OTU83","S009029",210
"OTU366","S009029",1
"OTU420","S009029",1
"OTU339","S009029",1
"OTU424","S009029",1
"OTU671","S009029",1
"OTU434","S009029",1
"OTU405","S009029",2
"OTU556","S009029",1
"OTU417","S009029",1
"OTU551","S009029",1
"OTU532","S009029",2
"OTU609","S009029",1
"OTU812","S009029",1
"OTU20","S009029",1187
"OTU14","S009029",1285
"OTU52","S009029",951
"OTU74","S009029",490
"OTU579","S009029",2
"OTU26","S009058",3231
"OTU297","S009058",1
"OTU497","S009058",2
"OTU366","S009058",1
"OTU420","S009058",3
"OTU424","S009058",2
"OTU671","S009058",2
"OTU434","S009058",1
"OTU556","S009058",1
"OTU305","S009058",1
"OTU551","S009058",1
"OTU380","S009058",1
"OTU609","S009058",1
"OTU201","S009058",26
"OTU719","S009058",20
"OTU221","S009058",15
"OTU337","S009058",9
"OTU727","S009058",6
"OTU460","S009058",3
"OTU868","S009058",2
"OTU909","S009058",2
"OTU415","S009058",2
"OTU22","S008879",1
"OTU98","S008879",1
"OTU297","S008879",1
"OTU497","S008879",1
"OTU420","S008879",1
"OTU339","S008879",4
"OTU424","S008879",2
"OTU361","S008879",2
"OTU446","S008879",1
"OTU305","S008879",3
"OTU380","S008879",2
"OTU523","S008879",1
"OTU297","S009025",1
"OTU281","S009025",2
"OTU497","S009025",1
"OTU366","S009025",5
"OTU339","S009025",1
"OTU632","S009025",1
"OTU671","S009025",1
"OTU361","S009025",1
"OTU446","S009025",1
"OTU405","S009025",1
"OTU305","S009025",1
"OTU910","S009025",1
"OTU872","S009025",1
"OTU38","S009025",1524
"OTU311","S009025",11
"OTU155","S009025",48
"OTU263","S009025",12
"OTU503","S009025",4
"OTU216","S009025",14
"OTU213","S009025",17
"OTU328","S009025",4
"OTU687","S009025",2
"OTU682","S009025",2
"OTU898","S009025",6
"OTU4","S008869",1
"OTU9","S008869",2
"OTU17","S008869",10
"OTU10","S008869",4
"OTU8","S008869",10
"OTU15","S008869",2343
"OTU26","S008869",3
"OTU22","S008869",1
"OTU127","S008869",1
"OTU29","S008869",3
"OTU50","S008869",1
"OTU91","S008869",1
"OTU30","S008869",1
"OTU421","S008869",1
"OTU123","S008869",1
"OTU297","S008869",2
"OTU281","S008869",2
"OTU497","S008869",2
"OTU220","S008869",1
"OTU366","S008869",4
"OTU420","S008869",3
"OTU87","S008869",2
"OTU339","S008869",2
"OTU632","S008869",2
"OTU424","S008869",1
"OTU671","S008869",2
"OTU361","S008869",2
"OTU446","S008869",1
"OTU434","S008869",2
"OTU102","S008869",1
"OTU405","S008869",3
"OTU336","S008869",2
"OTU556","S008869",2
"OTU305","S008869",1
"OTU417","S008869",4
"OTU551","S008869",2
"OTU380","S008869",2
"OTU465","S008869",2
"OTU532","S008869",3
"OTU523","S008869",2
"OTU609","S008869",2
"OTU182","S008869",14
"OTU276","S008869",1
"OTU32","S008869",7
"OTU41","S008869",1
"OTU3","S008869",2
"OTU5","S008869",2
"OTU143","S008869",1
"OTU27","S008869",2
"OTU34","S008869",1
"OTU297","S009019",2
"OTU497","S009019",1
"OTU420","S009019",1
"OTU339","S009019",1
"OTU671","S009019",3
"OTU446","S009019",1
"OTU434","S009019",2
"OTU305","S009019",1
"OTU551","S009019",2
"OTU465","S009019",1
"OTU11","S009019",1217
"OTU47","S009019",216
"OTU359","S009019",3
"OTU622","S009019",2
"OTU4","S009068",1410
"OTU17","S009068",2
"OTU37","S009068",1
"OTU297","S009068",1
"OTU497","S009068",1
"OTU366","S009068",1
"OTU420","S009068",1
"OTU632","S009068",2
"OTU671","S009068",1
"OTU361","S009068",1
"OTU405","S009068",2
"OTU417","S009068",1
"OTU465","S009068",1
"OTU910","S009068",1
"OTU429","S009068",2
"OTU297","S008839",2
"OTU281","S008839",2
"OTU497","S008839",6
"OTU366","S008839",1
"OTU420","S008839",2
"OTU339","S008839",3
"OTU632","S008839",1
"OTU424","S008839",2
"OTU671","S008839",3
"OTU361","S008839",1
"OTU434","S008839",2
"OTU556","S008839",1
"OTU305","S008839",2
"OTU417","S008839",1
"OTU551","S008839",2
"OTU910","S008839",1
"OTU523","S008839",1
"OTU872","S008839",2
"OTU429","S008839",2
"OTU812","S008839",1
"OTU86","S008839",1
"OTU120","S008839",50
"OTU80","S008839",162
"OTU142","S008839",62
"OTU600","S008839",2
"OTU297","S009059",1
"OTU366","S009059",4
"OTU420","S009059",3
"OTU339","S009059",2
"OTU632","S009059",1
"OTU424","S009059",1
"OTU671","S009059",1
"OTU361","S009059",1
"OTU446","S009059",4
"OTU405","S009059",1
"OTU417","S009059",1
"OTU523","S009059",1
"OTU812","S009059",1
"OTU260","S009059",10
"OTU86","S009059",209
"OTU265","S009059",6
"OTU733","S009059",3
"OTU472","S009059",2
"OTU297","S008838",1
"OTU281","S008838",1
"OTU497","S008838",1
"OTU366","S008838",1
"OTU420","S008838",1
"OTU339","S008838",1
"OTU632","S008838",2
"OTU424","S008838",1
"OTU671","S008838",3
"OTU434","S008838",3
"OTU556","S008838",2
"OTU305","S008838",1
"OTU417","S008838",1
"OTU465","S008838",1
"OTU532","S008838",1
"OTU523","S008838",1
"OTU297","S008896",4
"OTU366","S008896",4
"OTU339","S008896",1
"OTU632","S008896",1
"OTU424","S008896",3
"OTU361","S008896",2
"OTU434","S008896",2
"OTU405","S008896",2
"OTU556","S008896",2
"OTU551","S008896",1
"OTU192","S008896",44
"OTU812","S008896",1
"OTU66","S009049",444
"OTU297","S009049",3
"OTU281","S009049",1
"OTU366","S009049",2
"OTU420","S009049",2
"OTU339","S009049",2
"OTU632","S009049",2
"OTU424","S009049",2
"OTU671","S009049",1
"OTU556","S009049",3
"OTU417","S009049",1
"OTU910","S009049",1
"OTU609","S009049",3
"OTU212","S009049",11
"OTU517","S009049",2
"OTU297","S008843",2
"OTU281","S008843",1
"OTU497","S008843",1
"OTU366","S008843",1
"OTU420","S008843",4
"OTU632","S008843",1
"OTU424","S008843",1
"OTU361","S008843",2
"OTU446","S008843",1
"OTU434","S008843",1
"OTU405","S008843",1
"OTU556","S008843",1
"OTU417","S008843",1
"OTU551","S008843",1
"OTU380","S008843",4
"OTU465","S008843",1
"OTU62","S008843",2011
"OTU151","S008843",334
"OTU51","S008843",1
"OTU292","S008843",6
"OTU573","S008843",4
"OTU137","S008843",130
"OTU321","S008843",180
"OTU489","S008843",41
"OTU857","S008843",2
"OTU534","S008843",15
"OTU811","S008843",12
"OTU644","S008843",13
"OTU360","S008843",12
"OTU401","S008843",8
"OTU599","S008843",14
"OTU612","S008843",43
"OTU344","S008843",25
"OTU271","S008843",9
"OTU476","S008843",10
"OTU895","S008843",2
"OTU855","S008843",7
"OTU466","S008843",3
"OTU605","S008843",2
"OTU894","S008843",7
"OTU285","S008843",11
"OTU156","S008843",29
"OTU841","S008843",5
"OTU388","S008843",4
"OTU594","S008843",2
"OTU477","S008843",15
"OTU413","S008843",2
"OTU158","S008843",20
"OTU831","S008843",5
"OTU847","S008843",2
"OTU562","S008843",7
"OTU912","S008843",6
"OTU553","S008843",7
"OTU796","S008843",2
"OTU527","S008843",5
"OTU830","S008843",7
"OTU832","S008843",2
"OTU735","S008843",4
"OTU736","S008843",2
"OTU471","S008843",2
"OTU568","S008843",3
"OTU268","S008843",8
"OTU400","S008843",2
"OTU569","S008843",7
"OTU509","S008843",8
"OTU854","S008843",2
"OTU771","S008843",2
"OTU627","S008843",4
"OTU839","S008843",7
"OTU362","S008843",2
"OTU614","S008843",2
"OTU461","S008843",2
"OTU272","S008843",4
"OTU611","S008843",3
"OTU577","S008843",2
"OTU364","S008843",5
"OTU587","S008843",2
"OTU630","S008843",2
"OTU455","S008843",2
"OTU640","S008843",2
"OTU799","S008843",2
"OTU905","S008843",2
"OTU744","S008843",2
"OTU502","S008843",2
"OTU590","S008843",2
"OTU701","S008843",2
"OTU870","S008843",2
"OTU866","S008843",2
"OTU578","S008843",2
"OTU356","S008843",2
"OTU486","S008843",2
"OTU499","S008843",2
"OTU734","S008843",2
"OTU697","S008843",2
"OTU809","S008843",2
"OTU519","S008843",2
"OTU430","S008843",2
"OTU620","S008843",2
"OTU619","S008843",2
"OTU485","S008843",3
"OTU18","S008820",4374
"OTU281","S008820",3
"OTU497","S008820",2
"OTU366","S008820",1
"OTU420","S008820",3
"OTU339","S008820",3
"OTU424","S008820",2
"OTU361","S008820",2
"OTU446","S008820",1
"OTU434","S008820",1
"OTU405","S008820",1
"OTU556","S008820",2
"OTU305","S008820",1
"OTU551","S008820",1
"OTU532","S008820",1
"OTU523","S008820",1
"OTU872","S008820",1
"OTU429","S008820",1
"OTU609","S008820",1
"OTU650","S008820",21
"OTU795","S008820",11
"OTU882","S008820",11
"OTU327","S008820",11
"OTU334","S008820",10
"OTU462","S008820",9
"OTU848","S008820",9
"OTU586","S008820",9
"OTU467","S008820",7
"OTU760","S008820",6
"OTU555","S008820",6
"OTU794","S008820",4
"OTU552","S008820",4
"OTU768","S008820",4
"OTU836","S008820",2
"OTU3","S008820",1
"OTU4","S009038",9806
"OTU297","S009038",7
"OTU281","S009038",4
"OTU497","S009038",1
"OTU366","S009038",5
"OTU420","S009038",8
"OTU632","S009038",3
"OTU424","S009038",3
"OTU671","S009038",1
"OTU361","S009038",2
"OTU446","S009038",2
"OTU434","S009038",3
"OTU405","S009038",1
"OTU556","S009038",3
"OTU305","S009038",1
"OTU551","S009038",2
"OTU380","S009038",2
"OTU465","S009038",3
"OTU532","S009038",2
"OTU523","S009038",2
"OTU872","S009038",1
"OTU609","S009038",1
"OTU171","S009038",27
"OTU812","S009038",2
"OTU468","S009038",8
"OTU297","S009078",1
"OTU281","S009078",2
"OTU366","S009078",1
"OTU420","S009078",1
"OTU339","S009078",2
"OTU424","S009078",2
"OTU671","S009078",2
"OTU361","S009078",1
"OTU434","S009078",1
"OTU405","S009078",1
"OTU551","S009078",1
"OTU380","S009078",1
"OTU465","S009078",2
"OTU532","S009078",2
"OTU523","S009078",2
"OTU42","S009078",2621
"OTU231","S009078",14
"OTU255","S009078",9
"OTU715","S009078",4
"OTU397","S009078",3
"OTU497","S009039",1
"OTU366","S009039",2
"OTU420","S009039",3
"OTU632","S009039",2
"OTU671","S009039",1
"OTU361","S009039",1
"OTU405","S009039",4
"OTU417","S009039",1
"OTU380","S009039",1
"OTU465","S009039",1
"OTU910","S009039",1
"OTU188","S009039",12
"OTU50","S009024",1953
"OTU297","S009024",1
"OTU497","S009024",1
"OTU366","S009024",1
"OTU420","S009024",1
"OTU339","S009024",1
"OTU632","S009024",2
"OTU671","S009024",3
"OTU434","S009024",2
"OTU405","S009024",1
"OTU305","S009024",1
"OTU551","S009024",2
"OTU380","S009024",1
"OTU465","S009024",1
"OTU532","S009024",2
"OTU214","S009024",30
"OTU340","S009024",11
"OTU77","S009056",385
"OTU281","S009056",1
"OTU497","S009056",2
"OTU366","S009056",1
"OTU420","S009056",1
"OTU339","S009056",3
"OTU632","S009056",1
"OTU424","S009056",1
"OTU361","S009056",5
"OTU434","S009056",4
"OTU405","S009056",1
"OTU556","S009056",3
"OTU305","S009056",1
"OTU417","S009056",3
"OTU380","S009056",1
"OTU465","S009056",1
"OTU523","S009056",1
"OTU429","S009056",1
"OTU345","S009056",11
"OTU297","S008831",1
"OTU281","S008831",1
"OTU366","S008831",1
"OTU420","S008831",2
"OTU339","S008831",3
"OTU424","S008831",1
"OTU671","S008831",1
"OTU556","S008831",1
"OTU305","S008831",1
"OTU417","S008831",1
"OTU551","S008831",2
"OTU380","S008831",1
"OTU910","S008831",1
"OTU872","S008831",2
"OTU27","S008831",3349
"OTU788","S008831",5
"OTU602","S008831",2
"OTU4","S008852",1
"OTU297","S008852",2
"OTU281","S008852",2
"OTU497","S008852",4
"OTU420","S008852",3
"OTU339","S008852",3
"OTU632","S008852",2
"OTU424","S008852",1
"OTU361","S008852",1
"OTU434","S008852",1
"OTU305","S008852",1
"OTU532","S008852",3
"OTU872","S008852",1
"OTU812","S008852",1
"OTU32","S008852",4065
"OTU262","S008852",33
"OTU97","S008853",388
"OTU123","S008853",230
"OTU297","S008853",1
"OTU497","S008853",3
"OTU87","S008853",190
"OTU339","S008853",1
"OTU632","S008853",3
"OTU424","S008853",1
"OTU671","S008853",1
"OTU336","S008853",128
"OTU249","S008853",110
"OTU551","S008853",1
"OTU826","S008853",35
"OTU609","S008853",1
"OTU189","S008853",25
"OTU473","S008853",23
"OTU641","S008853",11
"OTU297","S008823",2
"OTU281","S008823",1
"OTU497","S008823",3
"OTU366","S008823",3
"OTU420","S008823",2
"OTU339","S008823",1
"OTU632","S008823",3
"OTU424","S008823",3
"OTU361","S008823",1
"OTU405","S008823",1
"OTU417","S008823",1
"OTU551","S008823",2
"OTU380","S008823",1
"OTU465","S008823",1
"OTU429","S008823",1
"OTU603","S008823",3
"OTU297","S009079",1
"OTU281","S009079",1
"OTU497","S009079",2
"OTU420","S009079",1
"OTU339","S009079",4
"OTU632","S009079",1
"OTU424","S009079",1
"OTU446","S009079",2
"OTU434","S009079",1
"OTU405","S009079",1
"OTU556","S009079",1
"OTU551","S009079",1
"OTU61","S009079",2776
"OTU178","S009079",27
"OTU595","S009079",3
"OTU628","S009079",11
"OTU17","S008840",999
"OTU35","S008840",1
"OTU71","S008840",1
"OTU104","S008840",15
"OTU117","S008840",108
"OTU339","S008840",3
"OTU424","S008840",1
"OTU671","S008840",3
"OTU361","S008840",1
"OTU446","S008840",2
"OTU405","S008840",1
"OTU305","S008840",1
"OTU551","S008840",1
"OTU532","S008840",2
"OTU910","S008840",4
"OTU278","S008840",48
"OTU872","S008840",1
"OTU429","S008840",1
"OTU425","S008840",19
"OTU911","S008840",4
"OTU844","S008840",2
"OTU218","S008840",12
"OTU280","S008840",3
"OTU168","S008840",20
"OTU856","S008840",2
"OTU297","S008850",3
"OTU497","S008850",2
"OTU420","S008850",3
"OTU339","S008850",1
"OTU671","S008850",1
"OTU405","S008850",1
"OTU114","S008850",101
"OTU551","S008850",1
"OTU380","S008850",1
"OTU465","S008850",1
"OTU429","S008850",1
"OTU93","S008850",621
"OTU904","S008850",33
"OTU21","S008851",1962
"OTU297","S008851",1
"OTU281","S008851",1
"OTU339","S008851",2
"OTU632","S008851",2
"OTU671","S008851",3
"OTU305","S008851",1
"OTU551","S008851",2
"OTU872","S008851",1
"OTU351","S008851",9
"OTU669","S008851",3
"OTU513","S008851",2
"OTU581","S008851",2
"OTU529","S008851",2
"OTU488","S008851",2
"OTU398","S008851",2
"OTU813","S008851",2
"OTU876","S008851",2
"OTU536","S008851",2
"OTU416","S008851",2
"OTU355","S008851",2
"OTU704","S008851",2
"OTU804","S008851",2
"OTU365","S008851",2
"OTU353","S008851",2
"OTU193","S008851",17
"OTU767","S008851",2
"OTU739","S008851",5
"OTU17","S008842",1
"OTU73","S008842",631
"OTU89","S008842",440
"OTU297","S008842",5
"OTU281","S008842",1
"OTU366","S008842",1
"OTU420","S008842",3
"OTU339","S008842",1
"OTU632","S008842",1
"OTU424","S008842",3
"OTU671","S008842",1
"OTU361","S008842",1
"OTU446","S008842",1
"OTU434","S008842",1
"OTU405","S008842",2
"OTU114","S008842",1
"OTU556","S008842",1
"OTU571","S008842",121
"OTU305","S008842",1
"OTU417","S008842",1
"OTU551","S008842",1
"OTU465","S008842",1
"OTU910","S008842",2
"OTU523","S008842",1
"OTU324","S008842",9
"OTU539","S008842",8
"OTU93","S008842",19
"OTU163","S008842",38
"OTU663","S008842",7
"OTU904","S008842",2
"OTU625","S008842",8
"OTU30","S008841",11
"OTU54","S008841",12
"OTU39","S008841",2
"OTU64","S008841",846
"OTU76","S008841",522
"OTU89","S008841",2
"OTU297","S008841",1
"OTU281","S008841",1
"OTU366","S008841",1
"OTU632","S008841",1
"OTU424","S008841",2
"OTU671","S008841",1
"OTU446","S008841",1
"OTU114","S008841",9
"OTU556","S008841",1
"OTU305","S008841",2
"OTU417","S008841",2
"OTU118","S008841",103
"OTU380","S008841",1
"OTU523","S008841",1
"OTU312","S008841",22
"OTU180","S008841",14
"OTU234","S008841",10
"OTU621","S008841",8
"OTU225","S008841",8
"OTU724","S008841",5
"OTU692","S008841",4
"OTU827","S008841",2
"OTU695","S008841",2
"OTU3","S008841",96
"OTU5","S008841",9
"OTU698","S008841",1
"OTU106","S008841",158
"OTU93","S008841",55
"OTU143","S008841",84
"OTU107","S008841",125
"OTU554","S008841",1
"OTU110","S008841",1
"OTU757","S008841",6
"OTU629","S008841",3
"OTU703","S008841",4
"OTU721","S008841",2
"OTU17","S008822",20
"OTU18","S008822",66
"OTU297","S008822",1
"OTU281","S008822",1
"OTU497","S008822",1
"OTU339","S008822",2
"OTU632","S008822",3
"OTU424","S008822",2
"OTU556","S008822",1
"OTU417","S008822",1
"OTU551","S008822",1
"OTU872","S008822",2
"OTU303","S008822",6
"OTU670","S008822",3
"OTU93","S008822",10
"OTU904","S008822",3
"OTU281","S008830",2
"OTU497","S008830",1
"OTU366","S008830",2
"OTU339","S008830",2
"OTU424","S008830",3
"OTU671","S008830",2
"OTU361","S008830",1
"OTU446","S008830",2
"OTU405","S008830",1
"OTU305","S008830",1
"OTU417","S008830",1
"OTU551","S008830",1
"OTU380","S008830",1
"OTU465","S008830",1
"OTU532","S008830",1
"OTU910","S008830",1
"OTU523","S008830",1
"OTU25","S008830",4242
"OTU793","S008830",2
"OTU57","S008821",1161
"OTU297","S008821",2
"OTU339","S008821",1
"OTU671","S008821",1
"OTU446","S008821",1
"OTU434","S008821",1
"OTU305","S008821",1
"OTU417","S008821",1
"OTU429","S008821",1
"OTU20","S008821",119
"OTU141","S008821",44
"OTU297","S009046",1
"OTU281","S009046",4
"OTU497","S009046",1
"OTU366","S009046",1
"OTU420","S009046",1
"OTU632","S009046",3
"OTU671","S009046",3
"OTU361","S009046",1
"OTU446","S009046",1
"OTU434","S009046",2
"OTU556","S009046",1
"OTU305","S009046",1
"OTU417","S009046",1
"OTU551","S009046",2
"OTU380","S009046",1
"OTU910","S009046",4
"OTU523","S009046",1
"OTU248","S009046",4
"OTU297","S009036",1
"OTU281","S009036",2
"OTU497","S009036",1
"OTU366","S009036",2
"OTU420","S009036",1
"OTU339","S009036",2
"OTU632","S009036",3
"OTU424","S009036",2
"OTU671","S009036",1
"OTU361","S009036",2
"OTU446","S009036",1
"OTU434","S009036",1
"OTU405","S009036",2
"OTU556","S009036",1
"OTU305","S009036",2
"OTU417","S009036",1
"OTU465","S009036",1
"OTU532","S009036",2
"OTU523","S009036",1
"OTU872","S009036",1
"OTU609","S009036",2
"OTU12","S009036",5950
"OTU175","S009036",45
"OTU403","S009036",28
"OTU633","S009036",16
"OTU512","S009036",61
"OTU530","S009036",7
"OTU217","S009036",35
"OTU653","S009036",6
"OTU525","S009036",4
"OTU297","S009034",1
"OTU281","S009034",2
"OTU366","S009034",1
"OTU420","S009034",1
"OTU424","S009034",1
"OTU671","S009034",1
"OTU446","S009034",1
"OTU434","S009034",2
"OTU102","S009034",149
"OTU405","S009034",2
"OTU417","S009034",1
"OTU551","S009034",2
"OTU532","S009034",1
"OTU429","S009034",1
"OTU12","S009034",1
"OTU297","S009026",1
"OTU281","S009026",2
"OTU497","S009026",2
"OTU366","S009026",2
"OTU420","S009026",3
"OTU339","S009026",4
"OTU632","S009026",3
"OTU424","S009026",1
"OTU446","S009026",1
"OTU434","S009026",2
"OTU405","S009026",3
"OTU556","S009026",1
"OTU465","S009026",1
"OTU910","S009026",1
"OTU523","S009026",1
"OTU872","S009026",1
"OTU20","S009026",1
"OTU3","S009026",13298
"OTU110","S009026",74
"OTU814","S009026",8
"OTU887","S009026",2
"OTU29","S008833",19
"OTU297","S008833",2
"OTU281","S008833",1
"OTU497","S008833",2
"OTU420","S008833",1
"OTU632","S008833",1
"OTU424","S008833",1
"OTU671","S008833",2
"OTU446","S008833",2
"OTU434","S008833",1
"OTU405","S008833",1
"OTU103","S008833",134
"OTU136","S008833",120
"OTU305","S008833",1
"OTU551","S008833",1
"OTU131","S008833",64
"OTU523","S008833",1
"OTU211","S008833",19
"OTU93","S008833",15
"OTU25","S008833",41
"OTU108","S008833",159
"OTU411","S008833",5
"OTU281","S008832",1
"OTU497","S008832",2
"OTU366","S008832",3
"OTU420","S008832",2
"OTU339","S008832",3
"OTU632","S008832",1
"OTU424","S008832",1
"OTU361","S008832",2
"OTU446","S008832",3
"OTU434","S008832",1
"OTU405","S008832",2
"OTU556","S008832",3
"OTU417","S008832",3
"OTU465","S008832",1
"OTU532","S008832",1
"OTU523","S008832",1
"OTU609","S008832",1
"OTU812","S008832",1
"OTU34","S008832",2103
"OTU130","S008832",137
"OTU162","S008832",27
"OTU880","S008832",11
"OTU713","S008832",2
"OTU664","S008832",3
"OTU393","S008832",2
"OTU591","S008832",2
"OTU873","S008832",2
"OTU75","S009044",1242
"OTU297","S009044",2
"OTU281","S009044",1
"OTU498","S009044",224
"OTU497","S009044",1
"OTU366","S009044",1
"OTU420","S009044",1
"OTU339","S009044",4
"OTU632","S009044",1
"OTU424","S009044",2
"OTU446","S009044",1
"OTU434","S009044",1
"OTU551","S009044",1
"OTU532","S009044",1
"OTU812","S009044",2
"OTU875","S009044",19
"OTU297","S009055",1
"OTU281","S009055",2
"OTU420","S009055",1
"OTU339","S009055",1
"OTU632","S009055",2
"OTU671","S009055",1
"OTU361","S009055",1
"OTU434","S009055",1
"OTU134","S009055",113
"OTU417","S009055",2
"OTU551","S009055",1
"OTU872","S009055",1
"OTU609","S009055",1
"OTU208","S009055",5
"OTU505","S009055",2
"OTU4","S009054",1
"OTU15","S009054",1587
"OTU297","S009054",2
"OTU497","S009054",3
"OTU366","S009054",2
"OTU420","S009054",2
"OTU339","S009054",3
"OTU632","S009054",2
"OTU424","S009054",1
"OTU671","S009054",3
"OTU361","S009054",5
"OTU446","S009054",3
"OTU405","S009054",1
"OTU305","S009054",1
"OTU417","S009054",1
"OTU551","S009054",2
"OTU380","S009054",2
"OTU465","S009054",1
"OTU532","S009054",1
"OTU872","S009054",1
"OTU182","S009054",5
