"OTU.ID","Sample","Proportion"
"OTU150","S008824",0.862116041
"OTU956","S008824",0.044846416
"OTU1199","S008824",0.016382253
"OTU181","S008824",0.022730375
"OTU776","S008824",0.005392491
"OTU55764","S008824",0.010921502
"OTU35295","S008824",6.83e-05
"OTU26338","S008824",0.001228669
"OTU8497","S008824",0.000136519
"OTU16072","S008824",0.001228669
"OTU2259","S008824",0.008805461
"OTU24731","S008824",0.000409556
"OTU13202","S008824",0.003481229
"OTU52764","S008824",0.000341297
"OTU4375","S008824",0.000614334
"OTU8807","S008824",0.001365188
"OTU1439","S008824",0.004095563
"OTU47832","S008824",0.003208191
"OTU30010","S008824",0.000136519
"OTU2677","S008824",0.001433447
"OTU1752","S008824",0.000204778
"OTU5539","S008824",0.001774744
"OTU3346","S008824",0.000204778
"OTU4186","S008824",0.001706485
"OTU14526","S008824",0.000887372
"OTU53175","S008824",0.001569966
"OTU13209","S008824",6.83e-05
"OTU2700","S008824",0.000273038
"OTU1023","S008824",0.000273038
"OTU53045","S008824",0.000682594
"OTU1790","S008824",0.000273038
"OTU41409","S008824",6.83e-05
"OTU79531","S008824",0.000136519
"OTU60088","S008824",0.000204778
"OTU105827","S008824",6.83e-05
"OTU23860","S008824",6.83e-05
"OTU91370","S008824",0.000204778
"OTU1123","S008824",6.83e-05
"OTU20785","S008824",6.83e-05
"OTU17328","S008824",0.000136519
"OTU38397","S008824",0.000204778
"OTU14378","S008824",0.000136519
"OTU15064","S008824",0.000204778
"OTU82364","S008824",6.83e-05
"OTU69608","S008824",6.83e-05
"OTU85568","S008824",0.000136519
"OTU52676","S008824",0.000136519
"OTU3291","S008824",6.83e-05
"OTU93076","S008824",6.83e-05
"OTU17354","S008824",6.83e-05
"OTU24667","S008824",6.83e-05
"OTU73085","S008824",6.83e-05
"OTU69806","S008824",6.83e-05
"OTU38107","S008824",0.000136519
"OTU69958","S008824",0.000136519
"OTU13997","S008824",6.83e-05
"OTU44623","S008824",0.000204778
"OTU94337","S008824",0.000136519
"OTU37026","S008824",6.83e-05
"OTU150","S008825",0.086906062
"OTU956","S008825",0.62288367
"OTU1199","S008825",0.192586019
"OTU20237","S008825",0.000409612
"OTU181","S008825",0.001433643
"OTU776","S008825",0.000136537
"OTU252","S008825",0.000955762
"OTU55764","S008825",0.005324959
"OTU35295","S008825",0.001092299
"OTU26338","S008825",0.016657564
"OTU8497","S008825",0.009352813
"OTU16072","S008825",0.019934462
"OTU2259","S008825",0.00054615
"OTU14879","S008825",0.000477881
"OTU79705","S008825",0.00525669
"OTU24731","S008825",0.000136537
"OTU13202","S008825",0.000477881
"OTU61757","S008825",0.000477881
"OTU4375","S008825",0.000409612
"OTU8807","S008825",0.000136537
"OTU1439","S008825",0.000614418
"OTU47832","S008825",0.000136537
"OTU30010","S008825",0.004300928
"OTU2677","S008825",0.000955762
"OTU1752","S008825",0.00266248
"OTU73930","S008825",0.000341344
"OTU5518","S008825",0.000136537
"OTU3346","S008825",6.83e-05
"OTU4186","S008825",0.001092299
"OTU14526","S008825",6.83e-05
"OTU53175","S008825",0.000136537
"OTU84913","S008825",0.001774986
"OTU9489","S008825",0.001433643
"OTU47141","S008825",0.00211633
"OTU2700","S008825",0.000887493
"OTU1023","S008825",0.000955762
"OTU53045","S008825",6.83e-05
"OTU1790","S008825",6.83e-05
"OTU41409","S008825",0.000409612
"OTU79531","S008825",0.001092299
"OTU4227","S008825",0.000750956
"OTU28083","S008825",0.008738394
"OTU97283","S008825",0.000204806
"OTU36484","S008825",0.000273075
"OTU60088","S008825",0.000819224
"OTU105827","S008825",0.000136537
"OTU23860","S008825",0.000273075
"OTU26541","S008825",0.000409612
"OTU50986","S008825",0.000204806
"OTU22483","S008825",0.000136537
"OTU20785","S008825",0.000341344
"OTU17328","S008825",6.83e-05
"OTU102408","S008825",0.000136537
"OTU37464","S008825",0.000136537
"OTU60086","S008825",0.000341344
"OTU42858","S008825",6.83e-05
"OTU20438","S008825",0.000204806
"OTU479","S008825",6.83e-05
"OTU52676","S008825",0.000136537
"OTU30087","S008825",0.000136537
"OTU58978","S008825",6.83e-05
"OTU47187","S008825",0.000204806
"OTU27244","S008825",0.000273075
"OTU1974","S008825",6.83e-05
"OTU3203","S008825",0.000273075
"OTU102257","S008825",6.83e-05
"OTU36577","S008825",6.83e-05
"OTU49872","S008825",6.83e-05
"OTU17696","S008825",6.83e-05
"OTU79956","S008825",6.83e-05
"OTU99437","S008825",6.83e-05
"OTU34969","S008825",0.000136537
"OTU101920","S008825",6.83e-05
"OTU150","S008826",0.566937644
"OTU956","S008826",0.042761148
"OTU1199","S008826",0.016540576
"OTU181","S008826",4.7e-05
"OTU58181","S008826",0.074808515
"OTU776","S008826",0.00164466
"OTU252","S008826",0.077017057
"OTU55764","S008826",0.007988346
"OTU26338","S008826",0.001080776
"OTU8497","S008826",0.000469903
"OTU16072","S008826",0.000798835
"OTU2259","S008826",0.004370095
"OTU14879","S008826",0.08603919
"OTU79705","S008826",9.4e-05
"OTU13202","S008826",0.003336309
"OTU61757","S008826",0.035148724
"OTU52764","S008826",0.001268737
"OTU4375","S008826",0.041492411
"OTU1439","S008826",0.00178563
"OTU47832","S008826",0.001597669
"OTU30010","S008826",0.000422912
"OTU2677","S008826",0.001315728
"OTU1752","S008826",0.000375922
"OTU73930","S008826",0.016023683
"OTU5539","S008826",0.001362718
"OTU5518","S008826",0.000375922
"OTU3346","S008826",9.4e-05
"OTU14526","S008826",0.001127767
"OTU53175","S008826",0.000751844
"OTU84913","S008826",0.000187961
"OTU9489","S008826",4.7e-05
"OTU2700","S008826",0.000140971
"OTU1023","S008826",4.7e-05
"OTU53045","S008826",0.000798835
"OTU1790","S008826",0.000657864
"OTU41409","S008826",4.7e-05
"OTU1859","S008826",0.001597669
"OTU91370","S008826",0.000281942
"OTU1123","S008826",4.7e-05
"OTU22483","S008826",4.7e-05
"OTU17328","S008826",4.7e-05
"OTU1664","S008826",0.000704854
"OTU102408","S008826",4.7e-05
"OTU19697","S008826",0.001456698
"OTU14378","S008826",4.7e-05
"OTU15064","S008826",0.000140971
"OTU82364","S008826",4.7e-05
"OTU549","S008826",0.000375922
"OTU69608","S008826",4.7e-05
"OTU1960","S008826",9.4e-05
"OTU1595","S008826",9.4e-05
"OTU479","S008826",4.7e-05
"OTU169","S008826",0.000328932
"OTU58978","S008826",4.7e-05
"OTU47187","S008826",4.7e-05
"OTU2963","S008826",0.000187961
"OTU4372","S008826",4.7e-05
"OTU17354","S008826",4.7e-05
"OTU1974","S008826",4.7e-05
"OTU1213","S008826",4.7e-05
"OTU24667","S008826",0.000563883
"OTU8560","S008826",0.000187961
"OTU61153","S008826",9.4e-05
"OTU3203","S008826",4.7e-05
"OTU53711","S008826",0.000140971
"OTU62733","S008826",0.000281942
"OTU86831","S008826",0.000187961
"OTU61101","S008826",0.000187961
"OTU44875","S008826",0.000328932
"OTU73085","S008826",4.7e-05
"OTU69354","S008826",0.000140971
"OTU37475","S008826",0.000187961
"OTU23071","S008826",4.7e-05
"OTU35442","S008826",0.000328932
"OTU11669","S008826",0.000375922
"OTU64126","S008826",0.000234951
"OTU65588","S008826",0.000281942
"OTU24429","S008826",0.000375922
"OTU26736","S008826",4.7e-05
"OTU96502","S008826",4.7e-05
"OTU20485","S008826",4.7e-05
"OTU17696","S008826",0.000234951
"OTU64969","S008826",4.7e-05
"OTU45773","S008826",4.7e-05
"OTU97132","S008826",4.7e-05
"OTU35328","S008826",4.7e-05
"OTU13122","S008826",4.7e-05
"OTU10154","S008826",4.7e-05
"OTU19616","S008826",4.7e-05
"OTU4323","S008826",4.7e-05
"OTU47007","S008826",4.7e-05
"OTU1220","S008826",4.7e-05
"OTU47877","S008826",4.7e-05
"OTU45817","S008826",4.7e-05
"OTU89159","S008826",4.7e-05
"OTU22473","S008826",4.7e-05
"OTU150","S008827",0.011118566
"OTU956","S008827",0.699079843
"OTU1199","S008827",0.224647752
"OTU20237","S008827",2.4e-05
"OTU776","S008827",4.79e-05
"OTU55764","S008827",0.00069491
"OTU35295","S008827",0.008291
"OTU96376","S008827",2.4e-05
"OTU26338","S008827",0.016869549
"OTU16072","S008827",0.010854979
"OTU2259","S008827",0.000143775
"OTU79705","S008827",2.4e-05
"OTU13202","S008827",0.000143775
"OTU52764","S008827",2.4e-05
"OTU47832","S008827",7.19e-05
"OTU30010","S008827",0.004409087
"OTU1752","S008827",0.004912298
"OTU84913","S008827",0.002204543
"OTU9489","S008827",0.000862647
"OTU10453","S008827",0.006254193
"OTU47141","S008827",4.79e-05
"OTU2700","S008827",0.001270009
"OTU1023","S008827",0.00069491
"OTU53045","S008827",2.4e-05
"OTU41409","S008827",0.000311512
"OTU4227","S008827",0.000766798
"OTU36484","S008827",0.000766798
"OTU60088","S008827",0.000215662
"OTU105827","S008827",0.00079076
"OTU23860","S008827",0.000599061
"OTU26541","S008827",0.000359436
"OTU50986","S008827",0.000215662
"OTU22483","S008827",0.000311512
"OTU20785","S008827",0.000143775
"OTU102408","S008827",0.000311512
"OTU23813","S008827",0.000455286
"OTU37464","S008827",0.000191699
"OTU60086","S008827",0.000311512
"OTU42858","S008827",0.000191699
"OTU30087","S008827",0.000119812
"OTU58978","S008827",7.19e-05
"OTU93076","S008827",7.19e-05
"OTU47187","S008827",7.19e-05
"OTU948","S008827",4.79e-05
"OTU27244","S008827",4.79e-05
"OTU3076","S008827",7.19e-05
"OTU23075","S008827",2.4e-05
"OTU30009","S008827",0.000143775
"OTU102257","S008827",2.4e-05
"OTU36577","S008827",7.19e-05
"OTU7117","S008827",7.19e-05
"OTU90336","S008827",2.4e-05
"OTU84459","S008827",2.4e-05
"OTU102761","S008827",2.4e-05
"OTU3481","S008827",2.4e-05
"OTU29392","S008827",2.4e-05
"OTU71762","S008827",4.79e-05
"OTU11348","S008827",2.4e-05
"OTU82815","S008827",2.4e-05
"OTU13727","S008827",2.4e-05
"OTU28587","S008827",2.4e-05
"OTU35987","S008827",2.4e-05
"OTU4289","S008827",2.4e-05
"OTU3855","S008827",2.4e-05
"OTU968","S008827",2.4e-05
"OTU32977","S008827",4.79e-05
"OTU59334","S008827",2.4e-05
"OTU33531","S008827",2.4e-05
"OTU90760","S008827",2.4e-05
"OTU150","S008834",0.939182237
"OTU956","S008834",0.002545356
"OTU1199","S008834",0.001678852
"OTU8142","S008834",0.002274574
"OTU2648","S008834",0.010343894
"OTU776","S008834",0.002599513
"OTU55764","S008834",0.010343894
"OTU35295","S008834",5.42e-05
"OTU26338","S008834",0.000108313
"OTU16072","S008834",0.000108313
"OTU2259","S008834",0.007473599
"OTU13202","S008834",0.002816139
"OTU52764","S008834",0.000649878
"OTU4375","S008834",0.0012456
"OTU1439","S008834",0.002978608
"OTU47832","S008834",0.00232873
"OTU2677","S008834",0.002870295
"OTU5539","S008834",0.002003791
"OTU3346","S008834",0.001462226
"OTU14526","S008834",0.0012456
"OTU53175","S008834",0.001137287
"OTU47141","S008834",5.42e-05
"OTU20411","S008834",0.000595722
"OTU53045","S008834",0.000649878
"OTU1790","S008834",0.000758191
"OTU97283","S008834",5.42e-05
"OTU91370","S008834",0.000324939
"OTU1123","S008834",5.42e-05
"OTU3650","S008834",0.000270783
"OTU17328","S008834",0.000270783
"OTU12968","S008834",5.42e-05
"OTU15064","S008834",5.42e-05
"OTU82364","S008834",0.000216626
"OTU69608","S008834",5.42e-05
"OTU479","S008834",0.000108313
"OTU52676","S008834",5.42e-05
"OTU53053","S008834",5.42e-05
"OTU1213","S008834",0.000108313
"OTU193","S008834",5.42e-05
"OTU946","S008834",5.42e-05
"OTU40931","S008834",0.000108313
"OTU23071","S008834",5.42e-05
"OTU64126","S008834",5.42e-05
"OTU95045","S008834",5.42e-05
"OTU102761","S008834",5.42e-05
"OTU5379","S008834",5.42e-05
"OTU6465","S008834",0.000108313
"OTU27643","S008834",5.42e-05
"OTU35328","S008834",5.42e-05
"OTU79956","S008834",5.42e-05
"OTU99438","S008834",5.42e-05
"OTU150","S008835",0.135177453
"OTU956","S008835",0.191753653
"OTU1199","S008835",0.071189979
"OTU181","S008835",0.005636743
"OTU58181","S008835",0.291336117
"OTU776","S008835",0.003653445
"OTU252","S008835",0.041127349
"OTU55764","S008835",0.002922756
"OTU26338","S008835",0.006993737
"OTU8497","S008835",0.076617954
"OTU16072","S008835",0.00960334
"OTU2259","S008835",0.000730689
"OTU14879","S008835",0.045720251
"OTU79705","S008835",0.048956159
"OTU24731","S008835",0.000208768
"OTU13202","S008835",0.000417537
"OTU61757","S008835",0.023382046
"OTU52764","S008835",0.012734864
"OTU4375","S008835",0.000313152
"OTU8807","S008835",0.000104384
"OTU1439","S008835",0.000313152
"OTU47832","S008835",0.000208768
"OTU30010","S008835",0.001356994
"OTU2677","S008835",0.001565762
"OTU1752","S008835",0.000939457
"OTU5539","S008835",0.000208768
"OTU5518","S008835",0.000313152
"OTU4186","S008835",0.000104384
"OTU14526","S008835",0.000313152
"OTU53175","S008835",0.000939457
"OTU84913","S008835",0.001043841
"OTU9489","S008835",0.000104384
"OTU47141","S008835",0.001565762
"OTU2700","S008835",0.000417537
"OTU1023","S008835",0.000313152
"OTU53045","S008835",0.000104384
"OTU41409","S008835",0.000104384
"OTU79531","S008835",0.000104384
"OTU97283","S008835",0.00177453
"OTU36484","S008835",0.000521921
"OTU60088","S008835",0.000104384
"OTU1859","S008835",0.004488518
"OTU23860","S008835",0.000208768
"OTU26541","S008835",0.000104384
"OTU22483","S008835",0.000208768
"OTU5609","S008835",0.000104384
"OTU20785","S008835",0.000104384
"OTU5381","S008835",0.004384134
"OTU1664","S008835",0.001043841
"OTU102408","S008835",0.000104384
"OTU23813","S008835",0.000104384
"OTU19697","S008835",0.000939457
"OTU549","S008835",0.000313152
"OTU1960","S008835",0.00125261
"OTU58978","S008835",0.000104384
"OTU2963","S008835",0.000626305
"OTU4372","S008835",0.000104384
"OTU3076","S008835",0.000104384
"OTU8560","S008835",0.000208768
"OTU53711","S008835",0.000208768
"OTU62733","S008835",0.000104384
"OTU86831","S008835",0.000104384
"OTU61101","S008835",0.000104384
"OTU44875","S008835",0.000208768
"OTU69354","S008835",0.000104384
"OTU4861","S008835",0.000730689
"OTU37475","S008835",0.000104384
"OTU90336","S008835",0.000104384
"OTU84459","S008835",0.000104384
"OTU24429","S008835",0.000104384
"OTU21935","S008835",0.000104384
"OTU20485","S008835",0.000208768
"OTU3481","S008835",0.000104384
"OTU78390","S008835",0.000208768
"OTU20441","S008835",0.000208768
"OTU97132","S008835",0.000104384
"OTU81025","S008835",0.000104384
"OTU30744","S008835",0.000104384
"OTU7500","S008835",0.000208768
"OTU40609","S008835",0.000104384
"OTU10154","S008835",0.000104384
"OTU43621","S008835",0.000104384
"OTU8630","S008835",0.000104384
"OTU4503","S008835",0.000104384
"OTU5127","S008835",0.000104384
"OTU86528","S008835",0.000104384
"OTU29631","S008835",0.000104384
"OTU1284","S008835",0.000104384
"OTU9948","S008835",0.000104384
"OTU26161","S008835",0.000104384
"OTU150","S008836",0.017305777
"OTU956","S008836",0.706953436
"OTU1199","S008836",0.200759462
"OTU181","S008836",0.000466882
"OTU58181","S008836",0.00656748
"OTU776","S008836",3.11e-05
"OTU55764","S008836",0.002085408
"OTU35295","S008836",0.000373506
"OTU26338","S008836",0.015375996
"OTU8497","S008836",0.000747012
"OTU16072","S008836",0.010676046
"OTU2259","S008836",9.34e-05
"OTU14879","S008836",0.00034238
"OTU79705","S008836",3.11e-05
"OTU18608","S008836",3.11e-05
"OTU24731","S008836",3.11e-05
"OTU13202","S008836",9.34e-05
"OTU61757","S008836",6.23e-05
"OTU52764","S008836",0.000435757
"OTU8807","S008836",0.000311255
"OTU1439","S008836",9.34e-05
"OTU47832","S008836",9.34e-05
"OTU30010","S008836",0.004264193
"OTU1410","S008836",0.009555528
"OTU2677","S008836",0.003019173
"OTU1752","S008836",0.003050299
"OTU5539","S008836",3.11e-05
"OTU5518","S008836",0.003237052
"OTU14526","S008836",6.23e-05
"OTU53175","S008836",3.11e-05
"OTU84913","S008836",0.002521165
"OTU9489","S008836",0.001089392
"OTU47141","S008836",0.000311255
"OTU2700","S008836",0.001027141
"OTU1023","S008836",0.000778137
"OTU41409","S008836",0.000186753
"OTU79531","S008836",0.000249004
"OTU4227","S008836",0.000715886
"OTU36484","S008836",0.000466882
"OTU60088","S008836",0.000498008
"OTU105827","S008836",0.000435757
"OTU1859","S008836",6.23e-05
"OTU23860","S008836",0.000560259
"OTU26541","S008836",0.000373506
"OTU91370","S008836",3.11e-05
"OTU50986","S008836",0.00034238
"OTU22483","S008836",0.000124502
"OTU20785","S008836",0.000155627
"OTU1664","S008836",6.23e-05
"OTU102408","S008836",0.000155627
"OTU52458","S008836",0.000249004
"OTU23813","S008836",0.000186753
"OTU1268","S008836",6.23e-05
"OTU37464","S008836",0.000280129
"OTU60086","S008836",0.000186753
"OTU42858","S008836",3.11e-05
"OTU30087","S008836",6.23e-05
"OTU22635","S008836",0.000280129
"OTU3291","S008836",3.11e-05
"OTU93076","S008836",3.11e-05
"OTU47187","S008836",0.000186753
"OTU948","S008836",6.23e-05
"OTU27244","S008836",6.23e-05
"OTU22566","S008836",0.000124502
"OTU53053","S008836",0.000311255
"OTU3076","S008836",0.000124502
"OTU1974","S008836",3.11e-05
"OTU61153","S008836",3.11e-05
"OTU3203","S008836",6.23e-05
"OTU30009","S008836",9.34e-05
"OTU102257","S008836",6.23e-05
"OTU45932","S008836",6.23e-05
"OTU36577","S008836",9.34e-05
"OTU84459","S008836",6.23e-05
"OTU49872","S008836",3.11e-05
"OTU21415","S008836",3.11e-05
"OTU18687","S008836",6.23e-05
"OTU4996","S008836",9.34e-05
"OTU71762","S008836",3.11e-05
"OTU35001","S008836",3.11e-05
"OTU40589","S008836",0.000124502
"OTU72962","S008836",3.11e-05
"OTU34969","S008836",3.11e-05
"OTU13727","S008836",6.23e-05
"OTU41729","S008836",3.11e-05
"OTU101920","S008836",3.11e-05
"OTU15756","S008836",3.11e-05
"OTU58162","S008836",3.11e-05
"OTU35002","S008836",3.11e-05
"OTU20327","S008836",3.11e-05
"OTU85554","S008836",3.11e-05
"OTU81807","S008836",3.11e-05
"OTU79751","S008836",3.11e-05
"OTU99308","S008836",3.11e-05
"OTU48665","S008836",3.11e-05
"OTU150","S008837",0.614647502
"OTU956","S008837",0.191735113
"OTU1199","S008837",0.056125941
"OTU8142","S008837",0.060774584
"OTU181","S008837",2.85e-05
"OTU776","S008837",0.001226329
"OTU55764","S008837",0.008099475
"OTU96376","S008837",0.004534565
"OTU26338","S008837",0.003992699
"OTU8497","S008837",0.000228154
"OTU16072","S008837",0.004819758
"OTU2259","S008837",0.004990874
"OTU13202","S008837",0.002110427
"OTU52764","S008837",0.000142596
"OTU4375","S008837",0.000484828
"OTU1439","S008837",0.00159708
"OTU47832","S008837",0.00196783
"OTU30010","S008837",0.00156856
"OTU2677","S008837",0.001397445
"OTU1752","S008837",0.000941136
"OTU5539","S008837",0.001368925
"OTU3346","S008837",8.56e-05
"OTU14526","S008837",0.001311887
"OTU53175","S008837",0.00276637
"OTU84913","S008837",0.000770021
"OTU9489","S008837",5.7e-05
"OTU47141","S008837",0.000427789
"OTU13209","S008837",0.014544832
"OTU6553","S008837",0.013175907
"OTU2700","S008837",0.000228154
"OTU1023","S008837",0.000171116
"OTU53045","S008837",0.000313712
"OTU1790","S008837",0.000313712
"OTU41409","S008837",2.85e-05
"OTU4227","S008837",0.000228154
"OTU62838","S008837",2.85e-05
"OTU36484","S008837",0.000171116
"OTU60088","S008837",2.85e-05
"OTU105827","S008837",0.000114077
"OTU23860","S008837",0.000142596
"OTU26541","S008837",0.000114077
"OTU91370","S008837",0.000199635
"OTU1123","S008837",2.85e-05
"OTU50986","S008837",0.000142596
"OTU22483","S008837",0.000142596
"OTU5609","S008837",2.85e-05
"OTU20785","S008837",2.85e-05
"OTU17328","S008837",8.56e-05
"OTU38397","S008837",8.56e-05
"OTU23813","S008837",2.85e-05
"OTU14378","S008837",0.000228154
"OTU15064","S008837",8.56e-05
"OTU82364","S008837",2.85e-05
"OTU37464","S008837",5.7e-05
"OTU60086","S008837",2.85e-05
"OTU69608","S008837",0.000114077
"OTU42858","S008837",0.000114077
"OTU85568","S008837",2.85e-05
"OTU52676","S008837",8.56e-05
"OTU30087","S008837",2.85e-05
"OTU3291","S008837",2.85e-05
"OTU47187","S008837",2.85e-05
"OTU948","S008837",2.85e-05
"OTU27244","S008837",2.85e-05
"OTU1974","S008837",2.85e-05
"OTU193","S008837",2.85e-05
"OTU40931","S008837",2.85e-05
"OTU102257","S008837",2.85e-05
"OTU23071","S008837",8.56e-05
"OTU49872","S008837",2.85e-05
"OTU26736","S008837",2.85e-05
"OTU56336","S008837",2.85e-05
"OTU27638","S008837",2.85e-05
"OTU97703","S008837",2.85e-05
"OTU35001","S008837",2.85e-05
"OTU31006","S008837",2.85e-05
"OTU28587","S008837",2.85e-05
"OTU29867","S008837",2.85e-05
"OTU91020","S008837",2.85e-05
"OTU7511","S008837",2.85e-05
"OTU150","S008844",0.013797116
"OTU956","S008844",0.724556373
"OTU1199","S008844",0.205502223
"OTU8142","S008844",0.000955824
"OTU776","S008844",4.16e-05
"OTU252","S008844",0.000374018
"OTU55764","S008844",0.002202552
"OTU35295","S008844",0.001662303
"OTU26338","S008844",0.017745086
"OTU16072","S008844",0.008810207
"OTU2259","S008844",0.000124673
"OTU61757","S008844",0.000623364
"OTU1439","S008844",4.16e-05
"OTU47832","S008844",8.31e-05
"OTU30010","S008844",0.004321988
"OTU2677","S008844",4.16e-05
"OTU1752","S008844",0.003532394
"OTU5518","S008844",4.16e-05
"OTU4186","S008844",4.16e-05
"OTU84913","S008844",0.001745418
"OTU9489","S008844",0.000498691
"OTU47141","S008844",0.00016623
"OTU59434","S008844",0.003823297
"OTU2700","S008844",0.00120517
"OTU1023","S008844",0.000748036
"OTU5185","S008844",0.000498691
"OTU41409","S008844",0.000124673
"OTU4227","S008844",0.000581806
"OTU36484","S008844",0.000249345
"OTU60088","S008844",0.000457133
"OTU105827","S008844",0.000623364
"OTU23860","S008844",0.000540249
"OTU26541","S008844",0.000249345
"OTU50986","S008844",0.000581806
"OTU22483","S008844",0.000124673
"OTU20785","S008844",0.000207788
"OTU102408","S008844",0.000249345
"OTU23813","S008844",0.000290903
"OTU19697","S008844",4.16e-05
"OTU37464","S008844",0.000249345
"OTU60086","S008844",8.31e-05
"OTU42858","S008844",0.000124673
"OTU30087","S008844",8.31e-05
"OTU3291","S008844",4.16e-05
"OTU58978","S008844",0.000124673
"OTU93076","S008844",8.31e-05
"OTU47187","S008844",8.31e-05
"OTU948","S008844",0.000374018
"OTU27244","S008844",0.000124673
"OTU106816","S008844",0.000332461
"OTU3076","S008844",8.31e-05
"OTU102257","S008844",4.16e-05
"OTU45932","S008844",8.31e-05
"OTU36577","S008844",4.16e-05
"OTU7117","S008844",0.000124673
"OTU3632","S008844",4.16e-05
"OTU90336","S008844",4.16e-05
"OTU84459","S008844",4.16e-05
"OTU18687","S008844",4.16e-05
"OTU879","S008844",8.31e-05
"OTU4626","S008844",4.16e-05
"OTU19750","S008844",4.16e-05
"OTU15374","S008844",4.16e-05
"OTU29867","S008844",4.16e-05
"OTU150","S008845",0.906110927
"OTU956","S008845",0.031086018
"OTU1199","S008845",0.008269678
"OTU776","S008845",0.001727001
"OTU55764","S008845",0.009697775
"OTU96376","S008845",0.000597808
"OTU26338","S008845",0.000763866
"OTU8497","S008845",0.000132846
"OTU16072","S008845",0.002756559
"OTU2259","S008845",0.009332448
"OTU18608","S008845",3.32e-05
"OTU13202","S008845",0.004516772
"OTU4375","S008845",0.00106277
"OTU1439","S008845",0.002191963
"OTU47832","S008845",0.002822982
"OTU30010","S008845",0.000132846
"OTU2677","S008845",0.002158751
"OTU1752","S008845",6.64e-05
"OTU5539","S008845",0.001992693
"OTU3346","S008845",0.000199269
"OTU14526","S008845",0.001527732
"OTU53175","S008845",0.001859847
"OTU84913","S008845",9.96e-05
"OTU47141","S008845",0.000365327
"OTU2700","S008845",3.32e-05
"OTU1023","S008845",3.32e-05
"OTU53045","S008845",0.000564596
"OTU1790","S008845",0.00043175
"OTU4227","S008845",3.32e-05
"OTU60088","S008845",3.32e-05
"OTU9299","S008845",0.006974427
"OTU26541","S008845",3.32e-05
"OTU91370","S008845",0.000265692
"OTU1123","S008845",6.64e-05
"OTU50986","S008845",6.64e-05
"OTU22483","S008845",3.32e-05
"OTU419","S008845",3.32e-05
"OTU5609","S008845",3.32e-05
"OTU20785","S008845",3.32e-05
"OTU17328","S008845",0.000166058
"OTU38397","S008845",0.000166058
"OTU15064","S008845",0.000166058
"OTU82364","S008845",0.000199269
"OTU69608","S008845",9.96e-05
"OTU20438","S008845",3.32e-05
"OTU479","S008845",6.64e-05
"OTU6448","S008845",3.32e-05
"OTU52676","S008845",3.32e-05
"OTU3291","S008845",6.64e-05
"OTU3076","S008845",3.32e-05
"OTU17354","S008845",6.64e-05
"OTU1213","S008845",9.96e-05
"OTU17726","S008845",3.32e-05
"OTU40931","S008845",3.32e-05
"OTU69806","S008845",6.64e-05
"OTU23071","S008845",6.64e-05
"OTU24997","S008845",3.32e-05
"OTU1519","S008845",3.32e-05
"OTU26736","S008845",3.32e-05
"OTU40384","S008845",3.32e-05
"OTU68299","S008845",3.32e-05
"OTU97703","S008845",6.64e-05
"OTU56272","S008845",3.32e-05
"OTU1287","S008845",3.32e-05
"OTU18209","S008845",3.32e-05
"OTU2756","S008845",3.32e-05
"OTU20658","S008845",3.32e-05
"OTU150","S008846",0.822518775
"OTU181","S008846",0.048192771
"OTU776","S008846",0.002107083
"OTU55764","S008846",0.014641526
"OTU35295","S008846",0.025717219
"OTU8497","S008846",0.000702361
"OTU2259","S008846",0.010967637
"OTU18608","S008846",5.4e-05
"OTU24731","S008846",0.001566805
"OTU13202","S008846",0.003781944
"OTU88819","S008846",0.008428332
"OTU52764","S008846",0.003673888
"OTU4375","S008846",0.00048625
"OTU8807","S008846",0.003079583
"OTU1439","S008846",0.0029175
"OTU47832","S008846",0.005672916
"OTU2677","S008846",0.001836944
"OTU5539","S008846",0.001674861
"OTU3346","S008846",5.4e-05
"OTU4186","S008846",0.003079583
"OTU14526","S008846",0.001674861
"OTU53175","S008846",0.000810417
"OTU64","S008846",0.022205414
"OTU53045","S008846",0.000324167
"OTU1790","S008846",0.000378194
"OTU5185","S008846",0.009400832
"OTU79531","S008846",0.000702361
"OTU91370","S008846",0.000162083
"OTU1123","S008846",0.000108056
"OTU17328","S008846",0.000162083
"OTU38397","S008846",0.000108056
"OTU14378","S008846",0.000108056
"OTU15064","S008846",5.4e-05
"OTU69608","S008846",0.000108056
"OTU20438","S008846",0.000324167
"OTU479","S008846",5.4e-05
"OTU52676","S008846",0.000216111
"OTU3291","S008846",5.4e-05
"OTU17354","S008846",5.4e-05
"OTU91071","S008846",5.4e-05
"OTU40931","S008846",5.4e-05
"OTU52817","S008846",5.4e-05
"OTU95045","S008846",0.000378194
"OTU13044","S008846",0.000108056
"OTU35334","S008846",5.4e-05
"OTU69958","S008846",0.000162083
"OTU7759","S008846",0.000324167
"OTU27643","S008846",5.4e-05
"OTU28","S008846",0.000216111
"OTU79956","S008846",5.4e-05
"OTU71754","S008846",5.4e-05
"OTU19695","S008846",0.000108056
"OTU11537","S008846",5.4e-05
"OTU48977","S008846",5.4e-05
"OTU7807","S008846",5.4e-05
"OTU150","S008847",0.048105321
"OTU956","S008847",0.756419883
"OTU1199","S008847",0.146943986
"OTU776","S008847",5.01e-05
"OTU55764","S008847",0.002177504
"OTU35295","S008847",0.002027331
"OTU26338","S008847",0.011963758
"OTU8497","S008847",2.5e-05
"OTU16072","S008847",0.008559844
"OTU2259","S008847",0.000125144
"OTU18608","S008847",2.5e-05
"OTU13202","S008847",2.5e-05
"OTU88819","S008847",0.000600691
"OTU52764","S008847",2.5e-05
"OTU1439","S008847",0.000100115
"OTU47832","S008847",2.5e-05
"OTU30010","S008847",0.002828252
"OTU2677","S008847",0.000125144
"OTU1752","S008847",0.002502878
"OTU5539","S008847",7.51e-05
"OTU3346","S008847",2.5e-05
"OTU14526","S008847",7.51e-05
"OTU53175","S008847",0.000125144
"OTU84913","S008847",0.000926065
"OTU9489","S008847",0.002177504
"OTU47141","S008847",0.000275317
"OTU59434","S008847",0.004855584
"OTU13209","S008847",2.5e-05
"OTU2700","S008847",0.000275317
"OTU1023","S008847",0.000475547
"OTU5185","S008847",0.000275317
"OTU41409","S008847",7.51e-05
"OTU4227","S008847",0.000775892
"OTU36484","S008847",0.000951094
"OTU60088","S008847",0.000250288
"OTU105827","S008847",0.000275317
"OTU23860","S008847",0.000350403
"OTU26541","S008847",0.000475547
"OTU91370","S008847",2.5e-05
"OTU50986","S008847",0.000175201
"OTU22483","S008847",0.000125144
"OTU20785","S008847",0.000150173
"OTU102408","S008847",0.000125144
"OTU23813","S008847",0.000125144
"OTU37464","S008847",7.51e-05
"OTU60086","S008847",0.000300345
"OTU42858","S008847",2.5e-05
"OTU6448","S008847",0.002002303
"OTU30087","S008847",5.01e-05
"OTU58978","S008847",5.01e-05
"OTU93076","S008847",0.000300345
"OTU47187","S008847",7.51e-05
"OTU27244","S008847",5.01e-05
"OTU106816","S008847",0.000275317
"OTU3203","S008847",5.01e-05
"OTU30009","S008847",2.5e-05
"OTU36577","S008847",2.5e-05
"OTU7117","S008847",0.000175201
"OTU28151","S008847",2.5e-05
"OTU90336","S008847",2.5e-05
"OTU84459","S008847",2.5e-05
"OTU102761","S008847",2.5e-05
"OTU40384","S008847",2.5e-05
"OTU29392","S008847",5.01e-05
"OTU8630","S008847",2.5e-05
"OTU35987","S008847",5.01e-05
"OTU59938","S008847",0.000100115
"OTU9144","S008847",2.5e-05
"OTU1822","S008847",2.5e-05
"OTU150","S008854",0.388023439
"OTU956","S008854",0.332571102
"OTU1199","S008854",0.104759183
"OTU8142","S008854",0.037587538
"OTU776","S008854",0.000571674
"OTU55764","S008854",0.006002573
"OTU35295","S008854",0.013863084
"OTU26338","S008854",0.008289267
"OTU8497","S008854",0.000142918
"OTU16072","S008854",0.010861798
"OTU2259","S008854",0.003430041
"OTU13202","S008854",0.002429613
"OTU4375","S008854",0.000142918
"OTU1439","S008854",0.002286694
"OTU47832","S008854",0.001143347
"OTU30010","S008854",0.001715021
"OTU2677","S008854",0.001000429
"OTU1752","S008854",0.001429184
"OTU73930","S008854",0.023867372
"OTU5539","S008854",0.001000429
"OTU3346","S008854",0.030155781
"OTU14526","S008854",0.000285837
"OTU53175","S008854",0.000571674
"OTU84913","S008854",0.002143776
"OTU9489","S008854",0.015292268
"OTU47141","S008854",0.001715021
"OTU13209","S008854",0.000142918
"OTU2700","S008854",0.000285837
"OTU1023","S008854",0.000285837
"OTU53045","S008854",0.000285837
"OTU1790","S008854",0.000142918
"OTU97283","S008854",0.000428755
"OTU36484","S008854",0.000142918
"OTU60088","S008854",0.000142918
"OTU105827","S008854",0.000285837
"OTU50986","S008854",0.000285837
"OTU22483","S008854",0.000428755
"OTU419","S008854",0.000142918
"OTU5609","S008854",0.000285837
"OTU20785","S008854",0.000285837
"OTU102408","S008854",0.000285837
"OTU12968","S008854",0.000142918
"OTU23813","S008854",0.000428755
"OTU14378","S008854",0.000142918
"OTU15064","S008854",0.000285837
"OTU37464","S008854",0.000285837
"OTU69608","S008854",0.000142918
"OTU479","S008854",0.000142918
"OTU47187","S008854",0.000142918
"OTU948","S008854",0.000142918
"OTU27244","S008854",0.000142918
"OTU193","S008854",0.00085751
"OTU88759","S008854",0.000428755
"OTU18620","S008854",0.000142918
"OTU40931","S008854",0.000142918
"OTU54842","S008854",0.000142918
"OTU90336","S008854",0.000285837
"OTU4231","S008854",0.000142918
"OTU68299","S008854",0.000142918
"OTU13122","S008854",0.000142918
"OTU72962","S008854",0.000142918
"OTU54832","S008854",0.000142918
"OTU61471","S008854",0.000142918
"OTU150","S008855",0.953938773
"OTU956","S008855",0.00130652
"OTU1199","S008855",0.000512361
"OTU8142","S008855",2.56e-05
"OTU776","S008855",0.001793262
"OTU55764","S008855",0.009862944
"OTU26338","S008855",2.56e-05
"OTU8497","S008855",0.000307416
"OTU16072","S008855",0.000204944
"OTU2259","S008855",0.008786986
"OTU13202","S008855",0.00417574
"OTU52764","S008855",2.56e-05
"OTU4375","S008855",0.00117843
"OTU1439","S008855",0.003304727
"OTU47832","S008855",0.003151018
"OTU2677","S008855",0.001946971
"OTU5539","S008855",0.002459331
"OTU3346","S008855",0.000204944
"OTU14526","S008855",0.001895735
"OTU53175","S008855",0.001537082
"OTU47141","S008855",2.56e-05
"OTU53045","S008855",0.000435507
"OTU1790","S008855",0.000742923
"OTU97283","S008855",2.56e-05
"OTU91370","S008855",0.00012809
"OTU1123","S008855",5.12e-05
"OTU17328","S008855",0.00012809
"OTU38397","S008855",0.000204944
"OTU14378","S008855",0.000102472
"OTU15064","S008855",0.000102472
"OTU82364","S008855",0.000230562
"OTU69608","S008855",7.69e-05
"OTU20438","S008855",2.56e-05
"OTU479","S008855",7.69e-05
"OTU85568","S008855",2.56e-05
"OTU3291","S008855",5.12e-05
"OTU62439","S008855",0.000179326
"OTU53053","S008855",2.56e-05
"OTU17354","S008855",2.56e-05
"OTU1213","S008855",2.56e-05
"OTU73085","S008855",5.12e-05
"OTU40931","S008855",5.12e-05
"OTU69806","S008855",2.56e-05
"OTU23071","S008855",7.69e-05
"OTU35442","S008855",2.56e-05
"OTU52817","S008855",5.12e-05
"OTU24997","S008855",2.56e-05
"OTU26736","S008855",2.56e-05
"OTU35334","S008855",2.56e-05
"OTU20485","S008855",2.56e-05
"OTU69958","S008855",2.56e-05
"OTU64969","S008855",2.56e-05
"OTU27643","S008855",2.56e-05
"OTU13118","S008855",2.56e-05
"OTU42604","S008855",5.12e-05
"OTU9680","S008855",2.56e-05
"OTU9622","S008855",2.56e-05
"OTU21665","S008855",2.56e-05
"OTU28034","S008855",2.56e-05
"OTU94290","S008855",2.56e-05
"OTU150","S008856",0.341343723
"OTU956","S008856",0.435773131
"OTU1199","S008856",0.133093418
"OTU20237","S008856",0.00038664
"OTU8142","S008856",0.004937097
"OTU776","S008856",0.000803022
"OTU252","S008856",0.01326473
"OTU55764","S008856",0.014841031
"OTU26338","S008856",0.009666002
"OTU8497","S008856",0.000237932
"OTU16072","S008856",0.012313
"OTU2259","S008856",0.00327157
"OTU13202","S008856",0.00172501
"OTU52764","S008856",8.92e-05
"OTU4375","S008856",0.00038664
"OTU1439","S008856",0.002081908
"OTU47832","S008856",0.001189662
"OTU30010","S008856",0.003122862
"OTU2677","S008856",0.00077328
"OTU1752","S008856",0.002676739
"OTU5539","S008856",0.001219403
"OTU5518","S008856",8.92e-05
"OTU3346","S008856",0.003479761
"OTU14526","S008856",0.000356899
"OTU76829","S008856",2.97e-05
"OTU53175","S008856",0.000565089
"OTU84913","S008856",0.001665527
"OTU9489","S008856",0.000475865
"OTU47141","S008856",0.001308628
"OTU2700","S008856",0.00038664
"OTU1023","S008856",0.000446123
"OTU53045","S008856",0.000208191
"OTU1790","S008856",0.000327157
"OTU41409","S008856",0.000208191
"OTU4227","S008856",0.000237932
"OTU36484","S008856",0.00038664
"OTU60088","S008856",0.00038664
"OTU105827","S008856",0.000416382
"OTU23860","S008856",0.00038664
"OTU26541","S008856",0.000416382
"OTU91370","S008856",8.92e-05
"OTU50986","S008856",8.92e-05
"OTU22483","S008856",0.000148708
"OTU20785","S008856",0.000267674
"OTU17328","S008856",5.95e-05
"OTU1664","S008856",0.000178449
"OTU102408","S008856",8.92e-05
"OTU12968","S008856",8.92e-05
"OTU23813","S008856",0.000148708
"OTU14378","S008856",2.97e-05
"OTU82364","S008856",2.97e-05
"OTU37464","S008856",5.95e-05
"OTU549","S008856",0.000148708
"OTU69608","S008856",2.97e-05
"OTU1960","S008856",0.000148708
"OTU1595","S008856",5.95e-05
"OTU42858","S008856",0.000148708
"OTU20438","S008856",8.92e-05
"OTU479","S008856",2.97e-05
"OTU85568","S008856",2.97e-05
"OTU52676","S008856",0.000118966
"OTU30087","S008856",8.92e-05
"OTU169","S008856",0.000178449
"OTU3291","S008856",0.000118966
"OTU58978","S008856",0.000148708
"OTU93076","S008856",0.000237932
"OTU47187","S008856",2.97e-05
"OTU948","S008856",8.92e-05
"OTU4372","S008856",2.97e-05
"OTU3076","S008856",2.97e-05
"OTU24667","S008856",2.97e-05
"OTU8560","S008856",2.97e-05
"OTU23075","S008856",5.95e-05
"OTU61153","S008856",2.97e-05
"OTU3203","S008856",2.97e-05
"OTU53711","S008856",2.97e-05
"OTU88759","S008856",0.000208191
"OTU30009","S008856",5.95e-05
"OTU61101","S008856",8.92e-05
"OTU44875","S008856",2.97e-05
"OTU18620","S008856",2.97e-05
"OTU69354","S008856",2.97e-05
"OTU45932","S008856",8.92e-05
"OTU37475","S008856",2.97e-05
"OTU3632","S008856",2.97e-05
"OTU90336","S008856",2.97e-05
"OTU84459","S008856",5.95e-05
"OTU45000","S008856",2.97e-05
"OTU21935","S008856",2.97e-05
"OTU20485","S008856",2.97e-05
"OTU40384","S008856",5.95e-05
"OTU29392","S008856",2.97e-05
"OTU24668","S008856",0.000178449
"OTU18687","S008856",5.95e-05
"OTU71762","S008856",2.97e-05
"OTU40609","S008856",2.97e-05
"OTU35001","S008856",2.97e-05
"OTU40589","S008856",5.95e-05
"OTU61471","S008856",2.97e-05
"OTU4626","S008856",2.97e-05
"OTU27482","S008856",2.97e-05
"OTU89573","S008856",2.97e-05
"OTU15756","S008856",2.97e-05
"OTU48977","S008856",2.97e-05
"OTU84391","S008856",2.97e-05
"OTU15374","S008856",2.97e-05
"OTU35002","S008856",2.97e-05
"OTU20327","S008856",2.97e-05
"OTU11386","S008856",5.95e-05
"OTU72363","S008856",5.95e-05
"OTU106153","S008856",2.97e-05
"OTU53916","S008856",2.97e-05
"OTU97616","S008856",2.97e-05
"OTU66492","S008856",2.97e-05
"OTU150","S008857",0.792685888
"OTU956","S008857",0.044825493
"OTU1199","S008857",0.01138088
"OTU776","S008857",0.001153263
"OTU55764","S008857",0.006828528
"OTU26338","S008857",0.001183612
"OTU8497","S008857",0.000121396
"OTU16072","S008857",0.001760243
"OTU2259","S008857",0.008285281
"OTU18608","S008857",0.059605463
"OTU13202","S008857",0.003368741
"OTU88819","S008857",0.015842185
"OTU52764","S008857",0.003550835
"OTU4375","S008857",0.000819423
"OTU1439","S008857",0.001578149
"OTU47832","S008857",0.001820941
"OTU30010","S008857",9.1e-05
"OTU2677","S008857",0.001638847
"OTU1752","S008857",0.000212443
"OTU5539","S008857",0.00091047
"OTU3346","S008857",0.000182094
"OTU14526","S008857",0.001911988
"OTU53175","S008857",0.000515933
"OTU84913","S008857",9.1e-05
"OTU9489","S008857",0.003793627
"OTU10453","S008857",0.016661608
"OTU47141","S008857",6.07e-05
"OTU59434","S008857",0.008224583
"OTU1023","S008857",3.03e-05
"OTU53045","S008857",0.000242792
"OTU1790","S008857",0.000273141
"OTU5185","S008857",0.000151745
"OTU4227","S008857",0.000121396
"OTU97283","S008857",0.000424886
"OTU36484","S008857",3.03e-05
"OTU60088","S008857",6.07e-05
"OTU91370","S008857",0.000121396
"OTU50986","S008857",3.03e-05
"OTU419","S008857",0.004764795
"OTU20785","S008857",3.03e-05
"OTU17328","S008857",6.07e-05
"OTU38397","S008857",0.000121396
"OTU12968","S008857",3.03e-05
"OTU23813","S008857",0.000182094
"OTU44935","S008857",0.001517451
"OTU14378","S008857",6.07e-05
"OTU15064","S008857",3.03e-05
"OTU613","S008857",3.03e-05
"OTU82364","S008857",9.1e-05
"OTU69608","S008857",6.07e-05
"OTU20438","S008857",6.07e-05
"OTU479","S008857",3.03e-05
"OTU52676","S008857",6.07e-05
"OTU3291","S008857",9.1e-05
"OTU948","S008857",3.03e-05
"OTU61672","S008857",0.000637329
"OTU106816","S008857",0.000576631
"OTU53053","S008857",3.03e-05
"OTU17354","S008857",3.03e-05
"OTU1974","S008857",3.03e-05
"OTU1213","S008857",3.03e-05
"OTU3203","S008857",3.03e-05
"OTU73085","S008857",3.03e-05
"OTU40931","S008857",3.03e-05
"OTU69806","S008857",3.03e-05
"OTU35442","S008857",3.03e-05
"OTU84459","S008857",3.03e-05
"OTU35334","S008857",6.07e-05
"OTU40384","S008857",3.03e-05
"OTU3481","S008857",3.03e-05
"OTU879","S008857",0.000151745
"OTU5379","S008857",3.03e-05
"OTU35328","S008857",3.03e-05
"OTU83471","S008857",9.1e-05
"OTU37026","S008857",3.03e-05
"OTU4289","S008857",6.07e-05
"OTU101170","S008857",3.03e-05
"OTU1202","S008857",3.03e-05
"OTU1688","S008857",3.03e-05
"OTU20495","S008857",3.03e-05
"OTU150","S009020",0.301655757
"OTU956","S009020",0.327300732
"OTU1199","S009020",0.059453215
"OTU8142","S009020",0.27554871
"OTU181","S009020",7.7e-05
"OTU776","S009020",0.00038506
"OTU252","S009020",0.00038506
"OTU55764","S009020",0.003465537
"OTU96376","S009020",0.000154024
"OTU26338","S009020",0.005236812
"OTU8497","S009020",7.7e-05
"OTU16072","S009020",0.004235657
"OTU2259","S009020",0.001925298
"OTU13202","S009020",0.000770119
"OTU88819","S009020",7.7e-05
"OTU4375","S009020",0.001463227
"OTU1439","S009020",0.001386215
"OTU47832","S009020",0.000539084
"OTU30010","S009020",0.002464382
"OTU2677","S009020",0.000231036
"OTU1752","S009020",0.001001155
"OTU5539","S009020",0.00038506
"OTU14526","S009020",0.000154024
"OTU53175","S009020",0.001309203
"OTU84913","S009020",0.000539084
"OTU45559","S009020",0.001078167
"OTU47141","S009020",0.00038506
"OTU2700","S009020",0.00038506
"OTU1023","S009020",0.000616095
"OTU1790","S009020",7.7e-05
"OTU4227","S009020",0.000231036
"OTU36484","S009020",0.000616095
"OTU60088","S009020",0.000154024
"OTU105827","S009020",7.7e-05
"OTU23860","S009020",0.000154024
"OTU26541","S009020",0.000231036
"OTU91370","S009020",7.7e-05
"OTU50986","S009020",0.000154024
"OTU22483","S009020",0.000231036
"OTU20785","S009020",0.000154024
"OTU38397","S009020",7.7e-05
"OTU6323","S009020",0.001463227
"OTU60086","S009020",0.000308048
"OTU52676","S009020",7.7e-05
"OTU8513","S009020",0.001771275
"OTU23075","S009020",7.7e-05
"OTU946","S009020",0.000924143
"OTU30009","S009020",7.7e-05
"OTU98948","S009020",7.7e-05
"OTU49872","S009020",7.7e-05
"OTU5757","S009020",7.7e-05
"OTU68299","S009020",7.7e-05
"OTU82529","S009020",7.7e-05
"OTU150","S009021",0.8736309
"OTU956","S009021",0.04414681
"OTU1199","S009021",0.008512066
"OTU8142","S009021",0.036427983
"OTU2648","S009021",0.000579675
"OTU776","S009021",0.001372914
"OTU252","S009021",3.05e-05
"OTU55764","S009021",0.009457852
"OTU35295","S009021",3.05e-05
"OTU26338","S009021",0.000549166
"OTU8497","S009021",0.000122037
"OTU16072","S009021",0.003264484
"OTU2259","S009021",0.005156055
"OTU18608","S009021",3.05e-05
"OTU13202","S009021",0.002684809
"OTU52764","S009021",3.05e-05
"OTU4375","S009021",0.000701712
"OTU1439","S009021",0.001647497
"OTU47832","S009021",0.001647497
"OTU30010","S009021",9.15e-05
"OTU2677","S009021",0.001250877
"OTU1752","S009021",0.000122037
"OTU73930","S009021",3.05e-05
"OTU5539","S009021",0.001067822
"OTU3346","S009021",0.000244074
"OTU14526","S009021",0.000976294
"OTU53175","S009021",0.000488147
"OTU84913","S009021",0.000122037
"OTU9489","S009021",3.05e-05
"OTU47141","S009021",0.000274583
"OTU13209","S009021",3.05e-05
"OTU20411","S009021",3.05e-05
"OTU53045","S009021",0.000549166
"OTU1790","S009021",0.000274583
"OTU4227","S009021",6.1e-05
"OTU28083","S009021",6.1e-05
"OTU97283","S009021",3.05e-05
"OTU60088","S009021",3.05e-05
"OTU23860","S009021",0.000122037
"OTU91370","S009021",3.05e-05
"OTU1123","S009021",3.05e-05
"OTU22483","S009021",3.05e-05
"OTU5609","S009021",6.1e-05
"OTU17328","S009021",9.15e-05
"OTU38397","S009021",0.000122037
"OTU6323","S009021",0.001830552
"OTU12968","S009021",0.000884767
"OTU14378","S009021",9.15e-05
"OTU15064","S009021",3.05e-05
"OTU82364","S009021",0.000122037
"OTU69608","S009021",9.15e-05
"OTU20438","S009021",3.05e-05
"OTU479","S009021",3.05e-05
"OTU52676","S009021",3.05e-05
"OTU3291","S009021",0.000122037
"OTU53053","S009021",3.05e-05
"OTU17354","S009021",3.05e-05
"OTU24667","S009021",3.05e-05
"OTU88759","S009021",0.000122037
"OTU45932","S009021",3.05e-05
"OTU52817","S009021",3.05e-05
"OTU1519","S009021",6.1e-05
"OTU102761","S009021",3.05e-05
"OTU11348","S009021",3.05e-05
"OTU24283","S009021",3.05e-05
"OTU6629","S009021",3.05e-05
"OTU150","S009022",0.913430646
"OTU956","S009022",0.015026942
"OTU1199","S009022",0.016494219
"OTU181","S009022",0.005767917
"OTU776","S009022",0.001087809
"OTU252","S009022",0.006147385
"OTU55764","S009022",0.007715854
"OTU26338","S009022",0.000885426
"OTU8497","S009022",5.06e-05
"OTU16072","S009022",0.001214298
"OTU2259","S009022",0.006956918
"OTU24731","S009022",0.000404766
"OTU13202","S009022",0.003440512
"OTU88819","S009022",5.06e-05
"OTU52764","S009022",0.000126489
"OTU4375","S009022",0.000607149
"OTU8807","S009022",0.000607149
"OTU1439","S009022",0.00131549
"OTU47832","S009022",0.002074426
"OTU30010","S009022",2.53e-05
"OTU2677","S009022",0.002074426
"OTU1752","S009022",0.000151787
"OTU5539","S009022",0.001416681
"OTU3346","S009022",0.000151787
"OTU4186","S009022",0.007032811
"OTU14526","S009022",0.001138405
"OTU53175","S009022",0.000505958
"OTU84913","S009022",0.00035417
"OTU9489","S009022",2.53e-05
"OTU47141","S009022",0.000151787
"OTU2700","S009022",2.53e-05
"OTU53045","S009022",0.000430064
"OTU1790","S009022",0.000202383
"OTU5185","S009022",2.53e-05
"OTU79531","S009022",0.000809532
"OTU4227","S009022",5.06e-05
"OTU97283","S009022",0.000126489
"OTU105827","S009022",2.53e-05
"OTU91370","S009022",0.000101192
"OTU1123","S009022",2.53e-05
"OTU5609","S009022",2.53e-05
"OTU17328","S009022",0.000101192
"OTU1664","S009022",7.59e-05
"OTU38397","S009022",7.59e-05
"OTU15064","S009022",5.06e-05
"OTU82364","S009022",7.59e-05
"OTU549","S009022",5.06e-05
"OTU69608","S009022",7.59e-05
"OTU1960","S009022",0.000202383
"OTU1595","S009022",5.06e-05
"OTU20438","S009022",2.53e-05
"OTU479","S009022",5.06e-05
"OTU2963","S009022",0.000101192
"OTU53053","S009022",2.53e-05
"OTU1213","S009022",5.06e-05
"OTU8560","S009022",5.06e-05
"OTU193","S009022",2.53e-05
"OTU73085","S009022",0.000101192
"OTU35442","S009022",5.06e-05
"OTU1519","S009022",7.59e-05
"OTU35334","S009022",2.53e-05
"OTU20485","S009022",2.53e-05
"OTU40384","S009022",2.53e-05
"OTU18687","S009022",2.53e-05
"OTU35328","S009022",7.59e-05
"OTU80098","S009022",2.53e-05
"OTU11348","S009022",2.53e-05
"OTU65409","S009022",2.53e-05
"OTU5127","S009022",2.53e-05
"OTU12636","S009022",7.59e-05
"OTU60511","S009022",2.53e-05
"OTU61989","S009022",2.53e-05
"OTU150","S009023",0.949814238
"OTU956","S009023",8.99e-05
"OTU776","S009023",0.002067354
"OTU55764","S009023",0.008838686
"OTU8497","S009023",5.99e-05
"OTU2259","S009023",0.009407958
"OTU13202","S009023",0.003984899
"OTU4375","S009023",0.001108581
"OTU1439","S009023",0.002786433
"OTU47832","S009023",0.002516779
"OTU2677","S009023",0.00200743
"OTU73930","S009023",0.008509108
"OTU5539","S009023",0.003355705
"OTU3346","S009023",0.00017977
"OTU14526","S009023",0.001198466
"OTU53175","S009023",0.001108581
"OTU13209","S009023",3e-05
"OTU53045","S009023",0.000329578
"OTU1790","S009023",0.000239693
"OTU91370","S009023",0.000389501
"OTU1123","S009023",0.000149808
"OTU5609","S009023",3e-05
"OTU17328","S009023",5.99e-05
"OTU38397","S009023",0.000119847
"OTU14378","S009023",0.000149808
"OTU1268","S009023",3e-05
"OTU15064","S009023",5.99e-05
"OTU82364","S009023",0.00017977
"OTU479","S009023",8.99e-05
"OTU85568","S009023",5.99e-05
"OTU52676","S009023",0.000119847
"OTU3291","S009023",3e-05
"OTU53053","S009023",3e-05
"OTU17354","S009023",0.000239693
"OTU1974","S009023",3e-05
"OTU1213","S009023",5.99e-05
"OTU24667","S009023",5.99e-05
"OTU17726","S009023",3e-05
"OTU73085","S009023",5.99e-05
"OTU40931","S009023",3e-05
"OTU69806","S009023",3e-05
"OTU28151","S009023",3e-05
"OTU64126","S009023",0.000149808
"OTU26736","S009023",3e-05
"OTU35334","S009023",5.99e-05
"OTU71754","S009023",3e-05
"OTU79914","S009023",3e-05
"OTU150","S009030",0.008846349
"OTU956","S009030",0.682184033
"OTU1199","S009030",0.225980712
"OTU181","S009030",0.019034153
"OTU776","S009030",7.25e-05
"OTU55764","S009030",0.000688855
"OTU96376","S009030",0.003806831
"OTU26338","S009030",0.020339352
"OTU8497","S009030",0.0006526
"OTU16072","S009030",0.010912914
"OTU2259","S009030",3.63e-05
"OTU79705","S009030",0.00105141
"OTU24731","S009030",0.000761366
"OTU13202","S009030",3.63e-05
"OTU52764","S009030",7.25e-05
"OTU47832","S009030",3.63e-05
"OTU30010","S009030",0.004386919
"OTU1752","S009030",0.005365818
"OTU5539","S009030",3.63e-05
"OTU4186","S009030",0.000290044
"OTU53175","S009030",7.25e-05
"OTU84913","S009030",0.001994054
"OTU9489","S009030",0.000688855
"OTU47141","S009030",0.000145022
"OTU2700","S009030",0.001196432
"OTU1023","S009030",0.001486477
"OTU41409","S009030",0.000217533
"OTU79531","S009030",0.00242912
"OTU4227","S009030",0.000978899
"OTU97283","S009030",3.63e-05
"OTU36484","S009030",0.000217533
"OTU60088","S009030",0.000398811
"OTU105827","S009030",0.0003263
"OTU23860","S009030",0.000471322
"OTU26541","S009030",0.0003263
"OTU50986","S009030",0.000471322
"OTU22483","S009030",7.25e-05
"OTU20785","S009030",0.000398811
"OTU102408","S009030",0.000942644
"OTU23813","S009030",0.000290044
"OTU37464","S009030",0.000398811
"OTU60086","S009030",0.000108767
"OTU42858","S009030",3.63e-05
"OTU30087","S009030",0.000181278
"OTU58978","S009030",0.000217533
"OTU93076","S009030",0.000108767
"OTU47187","S009030",3.63e-05
"OTU948","S009030",0.000145022
"OTU27244","S009030",0.000108767
"OTU3076","S009030",3.63e-05
"OTU1974","S009030",3.63e-05
"OTU61153","S009030",0.000108767
"OTU3203","S009030",7.25e-05
"OTU30009","S009030",3.63e-05
"OTU91071","S009030",3.63e-05
"OTU102257","S009030",7.25e-05
"OTU45932","S009030",3.63e-05
"OTU36577","S009030",7.25e-05
"OTU84459","S009030",3.63e-05
"OTU38107","S009030",7.25e-05
"OTU3799","S009030",3.63e-05
"OTU27638","S009030",3.63e-05
"OTU71762","S009030",3.63e-05
"OTU82815","S009030",3.63e-05
"OTU28587","S009030",7.25e-05
"OTU35987","S009030",3.63e-05
"OTU49869","S009030",3.63e-05
"OTU150","S009032",0.436448876
"OTU956","S009032",0.215880339
"OTU1199","S009032",0.069281143
"OTU181","S009032",0.000446495
"OTU776","S009032",0.000818574
"OTU252","S009032",0.072853103
"OTU55764","S009032",0.007664831
"OTU26338","S009032",0.006027683
"OTU8497","S009032",0.075680905
"OTU16072","S009032",0.006399762
"OTU2259","S009032",0.00446495
"OTU79705","S009032",0.003348713
"OTU18608","S009032",7.44e-05
"OTU13202","S009032",0.001339485
"OTU4375","S009032",7.44e-05
"OTU8807","S009032",0.048519125
"OTU1439","S009032",0.001711564
"OTU47832","S009032",0.002083643
"OTU30010","S009032",0.00178598
"OTU2677","S009032",0.002604554
"OTU1752","S009032",0.001339485
"OTU5539","S009032",0.00089299
"OTU5518","S009032",0.000372079
"OTU3346","S009032",0.000148832
"OTU14526","S009032",0.001190653
"OTU53175","S009032",0.000744158
"OTU84913","S009032",0.00089299
"OTU9489","S009032",0.000372079
"OTU45559","S009032",0.023292157
"OTU47141","S009032",0.000297663
"OTU2700","S009032",0.000520911
"OTU1023","S009032",7.44e-05
"OTU53045","S009032",0.000372079
"OTU1790","S009032",0.000223248
"OTU79531","S009032",7.44e-05
"OTU4227","S009032",7.44e-05
"OTU97283","S009032",0.001413901
"OTU36484","S009032",7.44e-05
"OTU105827","S009032",7.44e-05
"OTU23860","S009032",0.000818574
"OTU26541","S009032",0.000148832
"OTU50986","S009032",7.44e-05
"OTU20785","S009032",7.44e-05
"OTU1664","S009032",0.000669743
"OTU102408","S009032",7.44e-05
"OTU38397","S009032",0.000148832
"OTU23813","S009032",7.44e-05
"OTU15064","S009032",7.44e-05
"OTU37464","S009032",7.44e-05
"OTU549","S009032",0.000818574
"OTU69608","S009032",7.44e-05
"OTU1960","S009032",0.000372079
"OTU1595","S009032",0.000297663
"OTU52676","S009032",7.44e-05
"OTU169","S009032",0.000372079
"OTU58978","S009032",7.44e-05
"OTU47187","S009032",0.000148832
"OTU2963","S009032",0.000297663
"OTU27244","S009032",7.44e-05
"OTU4372","S009032",0.000372079
"OTU8560","S009032",0.000446495
"OTU61153","S009032",0.000148832
"OTU53711","S009032",0.000223248
"OTU30009","S009032",0.000223248
"OTU62733","S009032",7.44e-05
"OTU86831","S009032",0.000223248
"OTU61101","S009032",7.44e-05
"OTU44875","S009032",7.44e-05
"OTU69354","S009032",0.000297663
"OTU45932","S009032",7.44e-05
"OTU98948","S009032",0.000595327
"OTU64126","S009032",7.44e-05
"OTU65588","S009032",0.000148832
"OTU96502","S009032",0.000148832
"OTU3481","S009032",7.44e-05
"OTU89208","S009032",0.000297663
"OTU598","S009032",0.000223248
"OTU40609","S009032",7.44e-05
"OTU80098","S009032",7.44e-05
"OTU5207","S009032",7.44e-05
"OTU56272","S009032",7.44e-05
"OTU40795","S009032",0.000148832
"OTU102684","S009032",0.000148832
"OTU22812","S009032",0.000148832
"OTU2307","S009032",0.000148832
"OTU97276","S009032",7.44e-05
"OTU17874","S009032",7.44e-05
"OTU100853","S009032",7.44e-05
"OTU16101","S009032",7.44e-05
"OTU35134","S009032",7.44e-05
"OTU36299","S009032",7.44e-05
"OTU47726","S009032",7.44e-05
"OTU150","S009033",0.522642193
"OTU956","S009033",0.068469992
"OTU1199","S009033",0.019079821
"OTU8142","S009033",0.11234553
"OTU2648","S009033",0.052248118
"OTU776","S009033",0.001086825
"OTU55764","S009033",0.005715896
"OTU35295","S009033",0.060821962
"OTU96376","S009033",0.061023226
"OTU26338","S009033",0.002294409
"OTU8497","S009033",4.03e-05
"OTU16072","S009033",0.001127078
"OTU2259","S009033",0.004991346
"OTU13202","S009033",0.001972387
"OTU88819","S009033",0.070844906
"OTU4375","S009033",0.000684297
"OTU1439","S009033",0.001529606
"OTU47832","S009033",0.0014491
"OTU30010","S009033",0.000120758
"OTU2677","S009033",0.00072455
"OTU1752","S009033",0.000241517
"OTU5539","S009033",0.001569859
"OTU3346","S009033",8.05e-05
"OTU14526","S009033",0.002093145
"OTU53175","S009033",0.001368595
"OTU84913","S009033",8.05e-05
"OTU9489","S009033",8.05e-05
"OTU2700","S009033",4.03e-05
"OTU20411","S009033",0.000483033
"OTU1023","S009033",0.000161011
"OTU53045","S009033",0.000402528
"OTU1790","S009033",0.000322022
"OTU5185","S009033",0.000161011
"OTU4227","S009033",0.000161011
"OTU97283","S009033",0.000120758
"OTU36484","S009033",4.03e-05
"OTU23860","S009033",4.03e-05
"OTU91370","S009033",4.03e-05
"OTU1123","S009033",4.03e-05
"OTU22483","S009033",8.05e-05
"OTU5609","S009033",4.03e-05
"OTU3650","S009033",0.000523286
"OTU102408","S009033",4.03e-05
"OTU38397","S009033",4.03e-05
"OTU23813","S009033",4.03e-05
"OTU14378","S009033",0.000161011
"OTU82364","S009033",4.03e-05
"OTU37464","S009033",4.03e-05
"OTU1595","S009033",4.03e-05
"OTU479","S009033",4.03e-05
"OTU85568","S009033",8.05e-05
"OTU93076","S009033",4.03e-05
"OTU23486","S009033",0.001489353
"OTU17354","S009033",4.03e-05
"OTU24667","S009033",4.03e-05
"OTU73085","S009033",4.03e-05
"OTU95045","S009033",4.03e-05
"OTU102761","S009033",4.03e-05
"OTU26736","S009033",4.03e-05
"OTU5757","S009033",8.05e-05
"OTU11348","S009033",4.03e-05
"OTU1710","S009033",8.05e-05
"OTU31006","S009033",4.03e-05
"OTU36766","S009033",4.03e-05
"OTU101154","S009033",4.03e-05
"OTU150","S009040",0.410016491
"OTU956","S009040",0.314117731
"OTU1199","S009040",0.106833011
"OTU8142","S009040",3.59e-05
"OTU181","S009040",0.046891805
"OTU58181","S009040",0.008066251
"OTU776","S009040",0.00333405
"OTU55764","S009040",0.014913601
"OTU96376","S009040",0.011113501
"OTU26338","S009040",0.008747401
"OTU8497","S009040",0.005126551
"OTU16072","S009040",0.012547501
"OTU2259","S009040",0.00383595
"OTU79705","S009040",0.0022227
"OTU24731","S009040",0.00190005
"OTU13202","S009040",0.00211515
"OTU52764","S009040",0.00118305
"OTU4375","S009040",0.0005736
"OTU8807","S009040",0.00247365
"OTU1439","S009040",0.00311895
"OTU47832","S009040",0.0012189
"OTU30010","S009040",0.0017208
"OTU2677","S009040",0.0012906
"OTU1752","S009040",0.0020076
"OTU5539","S009040",0.00089625
"OTU3346","S009040",0.0026529
"OTU4186","S009040",0.007707751
"OTU14526","S009040",0.00060945
"OTU53175","S009040",0.00075285
"OTU84913","S009040",0.00139815
"OTU9489","S009040",0.0006453
"OTU10453","S009040",0.00182835
"OTU47141","S009040",0.00168495
"OTU13209","S009040",3.59e-05
"OTU6553","S009040",0.00211515
"OTU2700","S009040",0.0005736
"OTU1023","S009040",0.00046605
"OTU53045","S009040",0.00017925
"OTU1790","S009040",3.59e-05
"OTU41409","S009040",7.17e-05
"OTU79531","S009040",0.0010755
"OTU4227","S009040",0.0002868
"OTU97283","S009040",0.0004302
"OTU36484","S009040",0.00017925
"OTU60088","S009040",0.00025095
"OTU105827","S009040",0.00039435
"OTU1859","S009040",0.0001434
"OTU23860","S009040",0.00032265
"OTU26541","S009040",0.00025095
"OTU91370","S009040",0.00017925
"OTU1123","S009040",3.59e-05
"OTU50986","S009040",0.00017925
"OTU22483","S009040",0.00032265
"OTU5609","S009040",0.0002868
"OTU20785","S009040",0.00025095
"OTU51","S009040",3.59e-05
"OTU17328","S009040",3.59e-05
"OTU102408","S009040",0.00010755
"OTU38397","S009040",7.17e-05
"OTU74623","S009040",0.0037284
"OTU12968","S009040",3.59e-05
"OTU23813","S009040",0.00017925
"OTU14378","S009040",3.59e-05
"OTU15064","S009040",0.00010755
"OTU82364","S009040",3.59e-05
"OTU37464","S009040",0.0002151
"OTU60086","S009040",0.00010755
"OTU69608","S009040",7.17e-05
"OTU42858","S009040",0.0002151
"OTU20438","S009040",3.59e-05
"OTU52676","S009040",0.00010755
"OTU30087","S009040",3.59e-05
"OTU3606","S009040",0.00182835
"OTU3291","S009040",7.17e-05
"OTU58978","S009040",3.59e-05
"OTU93076","S009040",0.0001434
"OTU3076","S009040",3.59e-05
"OTU17354","S009040",3.59e-05
"OTU1974","S009040",3.59e-05
"OTU1213","S009040",3.59e-05
"OTU17726","S009040",3.59e-05
"OTU95802","S009040",3.59e-05
"OTU91071","S009040",0.00010755
"OTU40931","S009040",3.59e-05
"OTU36577","S009040",3.59e-05
"OTU35442","S009040",3.59e-05
"OTU1519","S009040",3.59e-05
"OTU84459","S009040",3.59e-05
"OTU45000","S009040",3.59e-05
"OTU49872","S009040",3.59e-05
"OTU40384","S009040",3.59e-05
"OTU24668","S009040",7.17e-05
"OTU27638","S009040",7.17e-05
"OTU13997","S009040",3.59e-05
"OTU97132","S009040",3.59e-05
"OTU82815","S009040",7.17e-05
"OTU11085","S009040",7.17e-05
"OTU12636","S009040",3.59e-05
"OTU25310","S009040",3.59e-05
"OTU79210","S009040",3.59e-05
"OTU43558","S009040",3.59e-05
"OTU150","S009041",0.917134831
"OTU1199","S009041",8.26e-05
"OTU2648","S009041",0.012723067
"OTU776","S009041",0.003222075
"OTU55764","S009041",0.012062128
"OTU2259","S009041",0.007435558
"OTU13202","S009041",0.003139458
"OTU52764","S009041",8.26e-05
"OTU4375","S009041",0.006031064
"OTU1439","S009041",0.002643754
"OTU47832","S009041",0.002313285
"OTU2677","S009041",0.001982816
"OTU5539","S009041",0.001404494
"OTU5518","S009041",0.022058824
"OTU14526","S009041",0.001652346
"OTU53175","S009041",0.000991408
"OTU20411","S009041",0.000330469
"OTU53045","S009041",0.000330469
"OTU1790","S009041",0.000413087
"OTU97283","S009041",8.26e-05
"OTU91370","S009041",0.000247852
"OTU1123","S009041",0.000247852
"OTU3650","S009041",8.26e-05
"OTU17328","S009041",0.000247852
"OTU38397","S009041",0.000247852
"OTU14378","S009041",8.26e-05
"OTU15064","S009041",0.000247852
"OTU613","S009041",8.26e-05
"OTU69608","S009041",8.26e-05
"OTU1595","S009041",8.26e-05
"OTU20438","S009041",8.26e-05
"OTU479","S009041",8.26e-05
"OTU52676","S009041",0.000165235
"OTU14582","S009041",0.000743556
"OTU1213","S009041",8.26e-05
"OTU35442","S009041",8.26e-05
"OTU52817","S009041",0.000247852
"OTU11669","S009041",0.000165235
"OTU102761","S009041",8.26e-05
"OTU21415","S009041",0.000247852
"OTU27643","S009041",8.26e-05
"OTU4597","S009041",8.26e-05
"OTU20957","S009041",8.26e-05
"OTU150","S009042",0.970112991
"OTU956","S009042",0.001844154
"OTU1199","S009042",0.000292723
"OTU776","S009042",0.001112347
"OTU55764","S009042",0.007259528
"OTU26338","S009042",2.93e-05
"OTU16072","S009042",0.000204906
"OTU2259","S009042",0.005269012
"OTU13202","S009042",0.002283239
"OTU52764","S009042",2.93e-05
"OTU4375","S009042",0.000995258
"OTU1439","S009042",0.001141619
"OTU47832","S009042",0.001814882
"OTU2677","S009042",0.001551431
"OTU5539","S009042",0.000995258
"OTU3346","S009042",0.000409812
"OTU14526","S009042",0.000965986
"OTU53175","S009042",0.000878169
"OTU53045","S009042",0.00038054
"OTU1790","S009042",0.000409812
"OTU4227","S009042",5.85e-05
"OTU91370","S009042",5.85e-05
"OTU17328","S009042",8.78e-05
"OTU38397","S009042",0.000790352
"OTU14378","S009042",5.85e-05
"OTU15064","S009042",8.78e-05
"OTU82364","S009042",0.000146361
"OTU69608","S009042",5.85e-05
"OTU479","S009042",8.78e-05
"OTU85568","S009042",5.85e-05
"OTU76131","S009042",2.93e-05
"OTU3291","S009042",2.93e-05
"OTU53053","S009042",8.78e-05
"OTU17354","S009042",2.93e-05
"OTU1213","S009042",2.93e-05
"OTU193","S009042",2.93e-05
"OTU17726","S009042",2.93e-05
"OTU73085","S009042",2.93e-05
"OTU40931","S009042",5.85e-05
"OTU23071","S009042",2.93e-05
"OTU26736","S009042",2.93e-05
"OTU353","S009042",5.85e-05
"OTU9680","S009042",2.93e-05
"OTU35769","S009042",2.93e-05
"OTU150","S009043",0.403849679
"OTU956","S009043",0.103849679
"OTU1199","S009043",0.032538955
"OTU8142","S009043",9.17e-05
"OTU2648","S009043",0.260678277
"OTU181","S009043",0.037855179
"OTU776","S009043",0.000366636
"OTU252","S009043",0.002566453
"OTU55764","S009043",0.014848763
"OTU35295","S009043",0.011915674
"OTU26338","S009043",0.003391384
"OTU8497","S009043",0.000183318
"OTU16072","S009043",0.004857929
"OTU2259","S009043",0.002566453
"OTU24731","S009043",0.001283226
"OTU13202","S009043",0.001374885
"OTU52764","S009043",0.001649863
"OTU4375","S009043",0.000641613
"OTU8807","S009043",0.00192484
"OTU1439","S009043",0.001191567
"OTU47832","S009043",0.001374885
"OTU30010","S009043",0.000824931
"OTU1410","S009043",0.055820348
"OTU2677","S009043",0.001649863
"OTU1752","S009043",0.000458295
"OTU5539","S009043",0.001099908
"OTU5518","S009043",0.012190651
"OTU3346","S009043",9.17e-05
"OTU4186","S009043",0.002474794
"OTU14526","S009043",0.001099908
"OTU53175","S009043",0.000458295
"OTU84913","S009043",0.000274977
"OTU9489","S009043",0.000458295
"OTU47141","S009043",0.000824931
"OTU20411","S009043",0.007699358
"OTU1023","S009043",9.17e-05
"OTU1790","S009043",0.000274977
"OTU79531","S009043",0.000549954
"OTU4227","S009043",9.17e-05
"OTU60088","S009043",9.17e-05
"OTU105827","S009043",9.17e-05
"OTU50986","S009043",9.17e-05
"OTU22483","S009043",0.000183318
"OTU15113","S009043",0.005407883
"OTU5609","S009043",9.17e-05
"OTU3650","S009043",0.002474794
"OTU51","S009043",0.003666361
"OTU1664","S009043",0.000183318
"OTU38397","S009043",0.000183318
"OTU52458","S009043",0.003483043
"OTU613","S009043",0.001191567
"OTU1960","S009043",0.000183318
"OTU1595","S009043",0.00091659
"OTU42858","S009043",0.000183318
"OTU20438","S009043",9.17e-05
"OTU479","S009043",9.17e-05
"OTU169","S009043",9.17e-05
"OTU22635","S009043",0.001558203
"OTU3291","S009043",0.000274977
"OTU22566","S009043",0.001099908
"OTU14582","S009043",9.17e-05
"OTU24667","S009043",9.17e-05
"OTU3203","S009043",9.17e-05
"OTU91071","S009043",0.000183318
"OTU7117","S009043",0.000274977
"OTU3632","S009043",9.17e-05
"OTU35442","S009043",9.17e-05
"OTU100","S009043",0.000366636
"OTU4231","S009043",9.17e-05
"OTU38107","S009043",9.17e-05
"OTU14356","S009043",0.000183318
"OTU3248","S009043",0.000183318
"OTU4996","S009043",9.17e-05
"OTU5207","S009043",9.17e-05
"OTU78403","S009043",0.000183318
"OTU1710","S009043",9.17e-05
"OTU13950","S009043",9.17e-05
"OTU1236","S009043",9.17e-05
"OTU78754","S009043",9.17e-05
"OTU4706","S009043",9.17e-05
"OTU3365","S009043",9.17e-05
"OTU91925","S009043",9.17e-05
"OTU393","S009043",9.17e-05
"OTU150","S009050",0.020718495
"OTU956","S009050",0.499334727
"OTU1199","S009050",0.149021099
"OTU20237","S009050",0.000190078
"OTU776","S009050",0.000380156
"OTU55764","S009050",0.000190078
"OTU96376","S009050",0.08363429
"OTU26338","S009050",0.015016157
"OTU8497","S009050",0.035734651
"OTU16072","S009050",0.033263638
"OTU14879","S009050",0.074130393
"OTU79705","S009050",0.024710131
"OTU61757","S009050",0.026230755
"OTU52764","S009050",0.000190078
"OTU30010","S009050",0.003801559
"OTU2677","S009050",0.000570234
"OTU1752","S009050",0.002661091
"OTU3346","S009050",0.00095039
"OTU84913","S009050",0.002280935
"OTU9489","S009050",0.000760312
"OTU47141","S009050",0.00551226
"OTU6553","S009050",0.000190078
"OTU2700","S009050",0.001710701
"OTU1023","S009050",0.000760312
"OTU1790","S009050",0.000190078
"OTU41409","S009050",0.008173351
"OTU4227","S009050",0.000380156
"OTU36484","S009050",0.000570234
"OTU60088","S009050",0.001140468
"OTU105827","S009050",0.000190078
"OTU23860","S009050",0.000380156
"OTU26541","S009050",0.000190078
"OTU22483","S009050",0.001520623
"OTU20785","S009050",0.000380156
"OTU102408","S009050",0.000380156
"OTU19697","S009050",0.001140468
"OTU42858","S009050",0.000190078
"OTU30087","S009050",0.000190078
"OTU948","S009050",0.000190078
"OTU27244","S009050",0.000190078
"OTU3076","S009050",0.000380156
"OTU1974","S009050",0.000190078
"OTU102257","S009050",0.000190078
"OTU45932","S009050",0.000190078
"OTU3632","S009050",0.000380156
"OTU21935","S009050",0.000190078
"OTU94346","S009050",0.000380156
"OTU90289","S009050",0.000190078
"OTU3520","S009050",0.000190078
"OTU3090","S009050",0.000190078
"OTU68022","S009050",0.000190078
"OTU150","S009051",0.953486784
"OTU956","S009051",3.42e-05
"OTU1199","S009051",3.42e-05
"OTU2648","S009051",0.00099037
"OTU181","S009051",0.001263575
"OTU776","S009051",0.001946588
"OTU252","S009051",0.000170753
"OTU55764","S009051",0.010211051
"OTU26338","S009051",3.42e-05
"OTU8497","S009051",0.000102452
"OTU2259","S009051",0.006215422
"OTU24731","S009051",0.000170753
"OTU13202","S009051",0.004302985
"OTU4375","S009051",0.001331876
"OTU8807","S009051",0.000409808
"OTU1439","S009051",0.002732054
"OTU47832","S009051",0.003107711
"OTU2677","S009051",0.001366027
"OTU5539","S009051",0.001331876
"OTU5518","S009051",0.004473738
"OTU3346","S009051",0.000204904
"OTU4186","S009051",0.000204904
"OTU14526","S009051",0.001468479
"OTU53175","S009051",0.000717164
"OTU20411","S009051",6.83e-05
"OTU53045","S009051",0.000546411
"OTU1790","S009051",0.000580561
"OTU79531","S009051",0.000102452
"OTU97283","S009051",3.42e-05
"OTU91370","S009051",0.000273205
"OTU1123","S009051",3.42e-05
"OTU17328","S009051",0.000102452
"OTU38397","S009051",6.83e-05
"OTU6323","S009051",3.42e-05
"OTU12968","S009051",3.42e-05
"OTU14378","S009051",3.42e-05
"OTU15064","S009051",0.000204904
"OTU69608","S009051",0.000239055
"OTU20438","S009051",3.42e-05
"OTU479","S009051",0.000239055
"OTU3291","S009051",3.42e-05
"OTU53053","S009051",3.42e-05
"OTU14582","S009051",0.000341507
"OTU1213","S009051",6.83e-05
"OTU44875","S009051",3.42e-05
"OTU23071","S009051",3.42e-05
"OTU11669","S009051",3.42e-05
"OTU13044","S009051",3.42e-05
"OTU26736","S009051",3.42e-05
"OTU35334","S009051",3.42e-05
"OTU21415","S009051",6.83e-05
"OTU24668","S009051",3.42e-05
"OTU5379","S009051",3.42e-05
"OTU11348","S009051",3.42e-05
"OTU10154","S009051",3.42e-05
"OTU65409","S009051",3.42e-05
"OTU99437","S009051",3.42e-05
"OTU25214","S009051",3.42e-05
"OTU409","S009051",3.42e-05
"OTU582","S009051",3.42e-05
"OTU150","S009052",0.004370716
"OTU956","S009052",0.745803119
"OTU1199","S009052",0.202344293
"OTU8142","S009052",9.93e-05
"OTU2648","S009052",0.000397338
"OTU181","S009052",0.000496672
"OTU776","S009052",0.000298003
"OTU252","S009052",0.000132446
"OTU55764","S009052",9.93e-05
"OTU35295","S009052",0.000529784
"OTU96376","S009052",0.000264892
"OTU26338","S009052",0.015463064
"OTU8497","S009052",3.31e-05
"OTU16072","S009052",0.009734777
"OTU2259","S009052",3.31e-05
"OTU79705","S009052",6.62e-05
"OTU18608","S009052",6.62e-05
"OTU24731","S009052",0.000198669
"OTU52764","S009052",0.000165557
"OTU4375","S009052",3.31e-05
"OTU8807","S009052",3.31e-05
"OTU1439","S009052",3.31e-05
"OTU30010","S009052",0.00423827
"OTU1752","S009052",0.003576041
"OTU4186","S009052",9.93e-05
"OTU84913","S009052",0.001589351
"OTU9489","S009052",0.000927122
"OTU666","S009052",3.31e-05
"OTU13209","S009052",0.00023178
"OTU2700","S009052",0.000728453
"OTU1023","S009052",0.000629118
"OTU5185","S009052",0.000198669
"OTU41409","S009052",0.000264892
"OTU79531","S009052",3.31e-05
"OTU4227","S009052",0.000596007
"OTU36484","S009052",0.000430449
"OTU60088","S009052",0.000529784
"OTU105827","S009052",0.000496672
"OTU23860","S009052",0.000298003
"OTU9299","S009052",9.93e-05
"OTU26541","S009052",0.000331115
"OTU50986","S009052",0.000198669
"OTU22483","S009052",0.00023178
"OTU20785","S009052",9.93e-05
"OTU102408","S009052",0.000331115
"OTU23813","S009052",0.000397338
"OTU37464","S009052",3.31e-05
"OTU60086","S009052",0.000132446
"OTU42858","S009052",9.93e-05
"OTU6448","S009052",3.31e-05
"OTU76131","S009052",3.31e-05
"OTU30087","S009052",6.62e-05
"OTU58978","S009052",6.62e-05
"OTU93076","S009052",6.62e-05
"OTU47187","S009052",0.000132446
"OTU948","S009052",9.93e-05
"OTU3076","S009052",3.31e-05
"OTU1974","S009052",0.000364226
"OTU30009","S009052",6.62e-05
"OTU102257","S009052",9.93e-05
"OTU36577","S009052",6.62e-05
"OTU28151","S009052",0.000264892
"OTU90336","S009052",3.31e-05
"OTU84459","S009052",3.31e-05
"OTU21935","S009052",3.31e-05
"OTU3481","S009052",3.31e-05
"OTU29392","S009052",9.93e-05
"OTU27638","S009052",3.31e-05
"OTU71762","S009052",3.31e-05
"OTU42604","S009052",3.31e-05
"OTU30204","S009052",3.31e-05
"OTU4626","S009052",3.31e-05
"OTU1287","S009052",9.93e-05
"OTU24283","S009052",9.93e-05
"OTU758","S009052",6.62e-05
"OTU19750","S009052",3.31e-05
"OTU8485","S009052",6.62e-05
"OTU231","S009052",6.62e-05
"OTU58162","S009052",3.31e-05
"OTU9144","S009052",3.31e-05
"OTU314","S009052",3.31e-05
"OTU103071","S009052",3.31e-05
"OTU8589","S009052",3.31e-05
"OTU778","S009052",3.31e-05
"OTU42218","S009052",3.31e-05
"OTU150","S009053",0.960843113
"OTU776","S009053",0.001816557
"OTU55764","S009053",0.008823275
"OTU8497","S009053",2.88e-05
"OTU2259","S009053",0.009284623
"OTU18608","S009053",2.88e-05
"OTU13202","S009053",0.004036792
"OTU52764","S009053",2.88e-05
"OTU4375","S009053",0.000720856
"OTU1439","S009053",0.002739252
"OTU47832","S009053",0.002566247
"OTU2677","S009053",0.001758888
"OTU5539","S009053",0.001585883
"OTU3346","S009053",0.000230674
"OTU14526","S009053",0.00170122
"OTU53175","S009053",0.001239872
"OTU53045","S009053",0.000461348
"OTU1790","S009053",0.000432513
"OTU91370","S009053",0.000403679
"OTU1123","S009053",5.77e-05
"OTU17328","S009053",2.88e-05
"OTU38397","S009053",2.88e-05
"OTU14378","S009053",0.000144171
"OTU15064","S009053",5.77e-05
"OTU82364","S009053",0.000115337
"OTU69608","S009053",5.77e-05
"OTU20438","S009053",5.77e-05
"OTU479","S009053",8.65e-05
"OTU52676","S009053",2.88e-05
"OTU3291","S009053",0.000115337
"OTU1213","S009053",5.77e-05
"OTU73085","S009053",5.77e-05
"OTU69806","S009053",2.88e-05
"OTU54842","S009053",2.88e-05
"OTU102761","S009053",2.88e-05
"OTU20485","S009053",2.88e-05
"OTU13997","S009053",2.88e-05
"OTU65409","S009053",2.88e-05
"OTU42604","S009053",2.88e-05
"OTU30204","S009053",2.88e-05
"OTU99438","S009053",2.88e-05
"OTU25310","S009053",2.88e-05
"OTU101170","S009053",2.88e-05
"OTU16692","S009053",2.88e-05
"OTU53692","S009053",2.88e-05
"OTU150","S009064",0.180561878
"OTU956","S009064",0.562365871
"OTU1199","S009064",0.163978669
"OTU181","S009064",0.009267087
"OTU776","S009064",0.000227613
"OTU252","S009064",0.001463224
"OTU55764","S009064",0.017428627
"OTU26338","S009064",0.013266567
"OTU8497","S009064",9.75e-05
"OTU16072","S009064",0.012973922
"OTU2259","S009064",0.001528256
"OTU24731","S009064",0.000487741
"OTU13202","S009064",0.001203096
"OTU52764","S009064",3.25e-05
"OTU4375","S009064",0.000390193
"OTU8807","S009064",0.000227613
"OTU1439","S009064",0.001040515
"OTU47832","S009064",0.000357677
"OTU30010","S009064",0.002503739
"OTU2677","S009064",0.000682838
"OTU1752","S009064",0.003219093
"OTU5539","S009064",0.000227613
"OTU5518","S009064",3.25e-05
"OTU3346","S009064",3.25e-05
"OTU4186","S009064",0.001593289
"OTU14526","S009064",0.000292645
"OTU53175","S009064",9.75e-05
"OTU84913","S009064",0.001723353
"OTU9489","S009064",0.000390193
"OTU22980","S009064",0.007933927
"OTU47141","S009064",0.001203096
"OTU2700","S009064",0.000942967
"OTU1023","S009064",0.000650322
"OTU53045","S009064",0.000130064
"OTU1790","S009064",0.000130064
"OTU41409","S009064",9.75e-05
"OTU27118","S009064",0.002958965
"OTU79531","S009064",0.000227613
"OTU4227","S009064",0.000520258
"OTU97283","S009064",0.000195097
"OTU36484","S009064",0.000390193
"OTU60088","S009064",0.000455225
"OTU105827","S009064",0.000455225
"OTU23860","S009064",0.000292645
"OTU26541","S009064",0.000390193
"OTU91370","S009064",3.25e-05
"OTU50986","S009064",0.000422709
"OTU22483","S009064",0.000390193
"OTU20785","S009064",0.000195097
"OTU102408","S009064",0.000260129
"OTU38397","S009064",3.25e-05
"OTU23813","S009064",0.000130064
"OTU15064","S009064",0.00016258
"OTU613","S009064",3.25e-05
"OTU37464","S009064",6.5e-05
"OTU60086","S009064",3.25e-05
"OTU42858","S009064",0.000195097
"OTU20438","S009064",0.000195097
"OTU52676","S009064",9.75e-05
"OTU30087","S009064",3.25e-05
"OTU3291","S009064",0.00016258
"OTU58978","S009064",9.75e-05
"OTU93076","S009064",3.25e-05
"OTU47187","S009064",3.25e-05
"OTU62439","S009064",0.001170579
"OTU17354","S009064",3.25e-05
"OTU1974","S009064",3.25e-05
"OTU1213","S009064",3.25e-05
"OTU23075","S009064",6.5e-05
"OTU3203","S009064",3.25e-05
"OTU30009","S009064",3.25e-05
"OTU62733","S009064",3.25e-05
"OTU45932","S009064",3.25e-05
"OTU23071","S009064",6.5e-05
"OTU54842","S009064",3.25e-05
"OTU64126","S009064",3.25e-05
"OTU13174","S009064",3.25e-05
"OTU65588","S009064",3.25e-05
"OTU54606","S009064",0.000130064
"OTU102761","S009064",3.25e-05
"OTU26736","S009064",3.25e-05
"OTU35334","S009064",3.25e-05
"OTU3799","S009064",3.25e-05
"OTU40384","S009064",3.25e-05
"OTU51076","S009064",9.75e-05
"OTU13997","S009064",6.5e-05
"OTU18687","S009064",6.5e-05
"OTU35001","S009064",6.5e-05
"OTU5207","S009064",3.25e-05
"OTU13118","S009064",3.25e-05
"OTU8630","S009064",3.25e-05
"OTU3168","S009064",6.5e-05
"OTU4983","S009064",3.25e-05
"OTU51412","S009064",9.75e-05
"OTU18209","S009064",3.25e-05
"OTU97777","S009064",3.25e-05
"OTU18080","S009064",3.25e-05
"OTU83222","S009064",3.25e-05
"OTU19238","S009064",3.25e-05
"OTU79855","S009064",3.25e-05
"OTU150","S009065",0.001425917
"OTU956","S009065",0.130536231
"OTU1199","S009065",0.116147431
"OTU20237","S009065",0.704878365
"OTU8142","S009065",4.32e-05
"OTU181","S009065",4.32e-05
"OTU58181","S009065",0.014086333
"OTU776","S009065",4.32e-05
"OTU55764","S009065",0.000216048
"OTU35295","S009065",4.32e-05
"OTU26338","S009065",0.004320961
"OTU8497","S009065",0.000345677
"OTU16072","S009065",0.001814804
"OTU79705","S009065",0.000432096
"OTU52764","S009065",0.001814804
"OTU30010","S009065",0.00112345
"OTU2677","S009065",4.32e-05
"OTU1752","S009065",0.000604935
"OTU3346","S009065",0.000216048
"OTU4186","S009065",4.32e-05
"OTU76829","S009065",0.015123363
"OTU84913","S009065",0.000993821
"OTU9489","S009065",0.000345677
"OTU666","S009065",4.32e-05
"OTU47141","S009065",0.000475306
"OTU13209","S009065",4.32e-05
"OTU2700","S009065",0.000345677
"OTU1023","S009065",0.000172838
"OTU5185","S009065",4.32e-05
"OTU4227","S009065",0.000345677
"OTU36484","S009065",4.32e-05
"OTU60088","S009065",0.000172838
"OTU105827","S009065",0.000345677
"OTU1859","S009065",0.000604935
"OTU23860","S009065",8.64e-05
"OTU26541","S009065",8.64e-05
"OTU50986","S009065",0.000172838
"OTU5609","S009065",4.32e-05
"OTU20785","S009065",0.000172838
"OTU102408","S009065",4.32e-05
"OTU23813","S009065",4.32e-05
"OTU37464","S009065",4.32e-05
"OTU60086","S009065",0.000129629
"OTU42858","S009065",4.32e-05
"OTU30087","S009065",4.32e-05
"OTU948","S009065",4.32e-05
"OTU3076","S009065",4.32e-05
"OTU23075","S009065",0.000777773
"OTU3203","S009065",4.32e-05
"OTU30009","S009065",4.32e-05
"OTU102257","S009065",4.32e-05
"OTU6367","S009065",0.000561725
"OTU4503","S009065",4.32e-05
"OTU30204","S009065",4.32e-05
"OTU13727","S009065",4.32e-05
"OTU84391","S009065",4.32e-05
"OTU968","S009065",4.32e-05
"OTU150","S009066",0.88784565
"OTU1199","S009066",3.68e-05
"OTU2648","S009066",0.007695423
"OTU181","S009066",0.027578335
"OTU776","S009066",0.002246033
"OTU55764","S009066",0.009720535
"OTU35295","S009066",0.015869509
"OTU8497","S009066",0.005523031
"OTU2259","S009066",0.00891049
"OTU79705","S009066",0.002577414
"OTU24731","S009066",0.000773224
"OTU13202","S009066",0.007364041
"OTU4375","S009066",0.001104606
"OTU8807","S009066",0.001399168
"OTU1439","S009066",0.003019257
"OTU47832","S009066",0.003056077
"OTU2677","S009066",0.002319673
"OTU5539","S009066",0.002209212
"OTU3346","S009066",0.000331382
"OTU4186","S009066",0.002687875
"OTU14526","S009066",0.001325527
"OTU53175","S009066",0.001546449
"OTU20411","S009066",0.000147281
"OTU53045","S009066",0.000294562
"OTU1790","S009066",0.000515483
"OTU79531","S009066",0.000331382
"OTU97283","S009066",0.000147281
"OTU91370","S009066",0.000184101
"OTU1123","S009066",0.000110461
"OTU3650","S009066",3.68e-05
"OTU17328","S009066",7.36e-05
"OTU38397","S009066",0.000147281
"OTU44935","S009066",3.68e-05
"OTU14378","S009066",0.000110461
"OTU1268","S009066",0.001178247
"OTU15064","S009066",0.000220921
"OTU82364","S009066",0.000110461
"OTU69608","S009066",7.36e-05
"OTU20438","S009066",3.68e-05
"OTU479","S009066",3.68e-05
"OTU52676","S009066",0.000147281
"OTU17354","S009066",3.68e-05
"OTU1213","S009066",0.000110461
"OTU40931","S009066",3.68e-05
"OTU4231","S009066",3.68e-05
"OTU38107","S009066",3.68e-05
"OTU3799","S009066",7.36e-05
"OTU56336","S009066",3.68e-05
"OTU97132","S009066",3.68e-05
"OTU6465","S009066",0.000110461
"OTU97703","S009066",3.68e-05
"OTU11348","S009066",3.68e-05
"OTU65409","S009066",3.68e-05
"OTU42604","S009066",3.68e-05
"OTU99437","S009066",7.36e-05
"OTU4626","S009066",3.68e-05
"OTU71754","S009066",3.68e-05
"OTU11537","S009066",3.68e-05
"OTU28025","S009066",3.68e-05
"OTU55884","S009066",3.68e-05
"OTU150","S009067",0.001921742
"OTU956","S009067",0.002135269
"OTU1199","S009067",0.001494689
"OTU20237","S009067",0.944749907
"OTU58181","S009067",0.013398815
"OTU776","S009067",0.000213527
"OTU55764","S009067",0.000427054
"OTU8497","S009067",0.005338173
"OTU79705","S009067",0.007473443
"OTU88819","S009067",5.34e-05
"OTU52764","S009067",0.000800726
"OTU4375","S009067",5.34e-05
"OTU30010","S009067",5.34e-05
"OTU76829","S009067",0.021406075
"OTU84913","S009067",5.34e-05
"OTU13209","S009067",5.34e-05
"OTU1859","S009067",0.000266909
"OTU20441","S009067",5.34e-05
"OTU56110","S009067",5.34e-05
"OTU150","S009074",0.230885312
"OTU956","S009074",0.55331992
"OTU1199","S009074",0.163480885
"OTU776","S009074",0.000503018
"OTU55764","S009074",0.003521127
"OTU26338","S009074",0.017605634
"OTU16072","S009074",0.005030181
"OTU2259","S009074",0.001006036
"OTU13202","S009074",0.001006036
"OTU4375","S009074",0.001006036
"OTU1439","S009074",0.001006036
"OTU30010","S009074",0.008551308
"OTU2677","S009074",0.001006036
"OTU1752","S009074",0.001509054
"OTU5539","S009074",0.000503018
"OTU14526","S009074",0.002012072
"OTU53175","S009074",0.000503018
"OTU84913","S009074",0.001006036
"OTU9489","S009074",0.000503018
"OTU1023","S009074",0.001006036
"OTU36484","S009074",0.000503018
"OTU105827","S009074",0.000503018
"OTU26541","S009074",0.001509054
"OTU91370","S009074",0.000503018
"OTU50986","S009074",0.000503018
"OTU20785","S009074",0.000503018
"OTU85568","S009074",0.000503018
"OTU61153","S009074",0.000503018
"OTU150","S009075",0.397245147
"OTU956","S009075",0.133325584
"OTU1199","S009075",0.049808206
"OTU181","S009075",0.180576543
"OTU776","S009075",0.000348716
"OTU252","S009075",0.015924677
"OTU55764","S009075",0.00709055
"OTU35295","S009075",5.81e-05
"OTU96376","S009075",0.056259444
"OTU26338","S009075",0.005870045
"OTU8497","S009075",0.005928165
"OTU16072","S009075",0.004300825
"OTU2259","S009075",0.004068348
"OTU79705","S009075",0.000232477
"OTU18608","S009075",0.054980821
"OTU24731","S009075",0.00627688
"OTU13202","S009075",0.001394862
"OTU52764","S009075",0.000871789
"OTU4375","S009075",0.000523073
"OTU8807","S009075",0.009531559
"OTU1439","S009075",0.001627339
"OTU47832","S009075",0.001511101
"OTU30010","S009075",0.001104266
"OTU2677","S009075",0.000929908
"OTU1752","S009075",0.000697431
"OTU5539","S009075",0.00081367
"OTU5518","S009075",5.81e-05
"OTU3346","S009075",0.000116239
"OTU4186","S009075",0.013541788
"OTU14526","S009075",0.000639312
"OTU53175","S009075",0.00075555
"OTU84913","S009075",0.000697431
"OTU9489","S009075",0.000290596
"OTU666","S009075",0.030919447
"OTU47141","S009075",0.000464954
"OTU2700","S009075",0.000348716
"OTU1023","S009075",0.000232477
"OTU53045","S009075",0.000464954
"OTU1790","S009075",5.81e-05
"OTU41409","S009075",5.81e-05
"OTU79531","S009075",0.002150413
"OTU4227","S009075",0.000116239
"OTU97283","S009075",0.000406835
"OTU36484","S009075",5.81e-05
"OTU60088","S009075",0.000232477
"OTU105827","S009075",0.000116239
"OTU23860","S009075",0.000116239
"OTU26541","S009075",0.000116239
"OTU91370","S009075",0.000174358
"OTU1123","S009075",5.81e-05
"OTU50986","S009075",0.000639312
"OTU22483","S009075",5.81e-05
"OTU20785","S009075",0.000232477
"OTU102408","S009075",5.81e-05
"OTU12968","S009075",5.81e-05
"OTU44935","S009075",0.00156922
"OTU15064","S009075",5.81e-05
"OTU613","S009075",5.81e-05
"OTU82364","S009075",0.000116239
"OTU549","S009075",5.81e-05
"OTU60086","S009075",5.81e-05
"OTU1595","S009075",5.81e-05
"OTU42858","S009075",5.81e-05
"OTU479","S009075",5.81e-05
"OTU30087","S009075",0.000174358
"OTU169","S009075",5.81e-05
"OTU3291","S009075",5.81e-05
"OTU58978","S009075",5.81e-05
"OTU93076","S009075",5.81e-05
"OTU47187","S009075",5.81e-05
"OTU2963","S009075",5.81e-05
"OTU61672","S009075",0.000581193
"OTU53053","S009075",5.81e-05
"OTU1974","S009075",5.81e-05
"OTU62733","S009075",5.81e-05
"OTU86831","S009075",5.81e-05
"OTU61101","S009075",5.81e-05
"OTU44875","S009075",5.81e-05
"OTU73085","S009075",5.81e-05
"OTU91071","S009075",5.81e-05
"OTU37475","S009075",0.000174358
"OTU23071","S009075",0.000116239
"OTU90336","S009075",5.81e-05
"OTU49872","S009075",5.81e-05
"OTU38107","S009075",5.81e-05
"OTU3799","S009075",0.000232477
"OTU32923","S009075",0.000290596
"OTU81025","S009075",5.81e-05
"OTU30744","S009075",5.81e-05
"OTU80098","S009075",5.81e-05
"OTU19212","S009075",5.81e-05
"OTU83471","S009075",5.81e-05
"OTU2866","S009075",0.000116239
"OTU25214","S009075",5.81e-05
"OTU3855","S009075",5.81e-05
"OTU50999","S009075",5.81e-05
"OTU83984","S009075",5.81e-05
"OTU68030","S009075",5.81e-05
"OTU38116","S009075",5.81e-05
"OTU618","S009075",5.81e-05
"OTU150","S009076",0.934298908
"OTU776","S009076",0.00220403
"OTU55764","S009076",0.017527288
"OTU8497","S009076",0.006926952
"OTU2259","S009076",0.010495382
"OTU79705","S009076",0.005037783
"OTU13202","S009076",0.003148615
"OTU4375","S009076",0.001259446
"OTU1439","S009076",0.002623846
"OTU47832","S009076",0.003778338
"OTU2677","S009076",0.002413938
"OTU5539","S009076",0.001889169
"OTU14526","S009076",0.001469353
"OTU53175","S009076",0.001259446
"OTU53045","S009076",0.000524769
"OTU1790","S009076",0.000419815
"OTU97283","S009076",0.000104954
"OTU91370","S009076",0.000209908
"OTU1123","S009076",0.000104954
"OTU5609","S009076",0.000104954
"OTU17328","S009076",0.000314861
"OTU14378","S009076",0.000104954
"OTU1268","S009076",0.001574307
"OTU15064","S009076",0.000104954
"OTU82364","S009076",0.000209908
"OTU20438","S009076",0.000104954
"OTU479","S009076",0.000209908
"OTU85568","S009076",0.000104954
"OTU3291","S009076",0.000209908
"OTU53053","S009076",0.000209908
"OTU17354","S009076",0.000104954
"OTU52817","S009076",0.000104954
"OTU54842","S009076",0.000104954
"OTU24997","S009076",0.000104954
"OTU45000","S009076",0.000104954
"OTU35334","S009076",0.000104954
"OTU56336","S009076",0.000209908
"OTU5379","S009076",0.000104954
"OTU10790","S009076",0.000104954
"OTU150","S009077",0.693756884
"OTU956","S009077",0.042896064
"OTU1199","S009077",0.010666048
"OTU8142","S009077",0.150889803
"OTU776","S009077",0.001101385
"OTU252","S009077",0.006492377
"OTU55764","S009077",0.008811083
"OTU35295","S009077",5.8e-05
"OTU96376","S009077",0.04324387
"OTU26338","S009077",0.001159353
"OTU8497","S009077",5.8e-05
"OTU16072","S009077",0.002260739
"OTU2259","S009077",0.004869283
"OTU13202","S009077",0.002086836
"OTU52764","S009077",0.000405774
"OTU4375","S009077",0.005622862
"OTU1439","S009077",0.00173903
"OTU47832","S009077",0.001623094
"OTU30010","S009077",0.000115935
"OTU2677","S009077",0.002782447
"OTU1752","S009077",0.000115935
"OTU5539","S009077",0.001159353
"OTU3346","S009077",0.000173903
"OTU14526","S009077",0.000869515
"OTU53175","S009077",0.000463741
"OTU9489","S009077",5.8e-05
"OTU47141","S009077",0.000173903
"OTU2700","S009077",0.000173903
"OTU1023","S009077",0.000115935
"OTU53045","S009077",0.000405774
"OTU1790","S009077",0.000347806
"OTU4227","S009077",5.8e-05
"OTU97283","S009077",0.00075358
"OTU26541","S009077",5.8e-05
"OTU70964","S009077",0.006492377
"OTU91370","S009077",5.8e-05
"OTU22483","S009077",5.8e-05
"OTU5609","S009077",0.000231871
"OTU17328","S009077",0.000521709
"OTU1664","S009077",5.8e-05
"OTU6323","S009077",0.000115935
"OTU12968","S009077",0.001507159
"OTU1268","S009077",5.8e-05
"OTU82364","S009077",0.000115935
"OTU549","S009077",5.8e-05
"OTU69608","S009077",0.000173903
"OTU20438","S009077",0.000115935
"OTU479","S009077",5.8e-05
"OTU76131","S009077",0.0019709
"OTU52676","S009077",5.8e-05
"OTU169","S009077",0.000115935
"OTU3291","S009077",0.000173903
"OTU4372","S009077",5.8e-05
"OTU3076","S009077",5.8e-05
"OTU88759","S009077",5.8e-05
"OTU61101","S009077",5.8e-05
"OTU44875","S009077",5.8e-05
"OTU73085","S009077",0.000115935
"OTU18620","S009077",0.000637644
"OTU40931","S009077",5.8e-05
"OTU23071","S009077",5.8e-05
"OTU64126","S009077",5.8e-05
"OTU1519","S009077",0.000173903
"OTU57633","S009077",0.000289838
"OTU4231","S009077",5.8e-05
"OTU5757","S009077",5.8e-05
"OTU65409","S009077",5.8e-05
"OTU84387","S009077",0.000173903
"OTU43621","S009077",5.8e-05
"OTU1236","S009077",5.8e-05
"OTU31006","S009077",5.8e-05
"OTU86656","S009077",0.000115935
"OTU8362","S009077",5.8e-05
"OTU65410","S009077",5.8e-05
"OTU19955","S009077",5.8e-05
"OTU150","S009084",0.676983386
"OTU956","S009084",0.195034534
"OTU1199","S009084",0.06089229
"OTU776","S009084",0.001456039
"OTU55764","S009084",0.008437558
"OTU35295","S009084",0.013216352
"OTU26338","S009084",0.003546761
"OTU8497","S009084",3.73e-05
"OTU16072","S009084",0.005450812
"OTU2259","S009084",0.005898824
"OTU13202","S009084",0.003136084
"OTU4375","S009084",0.000821355
"OTU1439","S009084",0.002352063
"OTU47832","S009084",0.00164271
"OTU30010","S009084",0.000933358
"OTU2677","S009084",0.001194699
"OTU1752","S009084",0.001568042
"OTU5539","S009084",0.001194699
"OTU3346","S009084",0.000186672
"OTU14526","S009084",0.000784021
"OTU53175","S009084",0.00112003
"OTU84913","S009084",0.000672018
"OTU9489","S009084",0.000149337
"OTU47141","S009084",0.000709352
"OTU13209","S009084",3.73e-05
"OTU2700","S009084",0.000224006
"OTU1023","S009084",0.000410678
"OTU53045","S009084",0.000485346
"OTU1790","S009084",0.000336009
"OTU41409","S009084",3.73e-05
"OTU4227","S009084",0.00026134
"OTU97283","S009084",3.73e-05
"OTU27230","S009084",0.008250887
"OTU36484","S009084",0.000149337
"OTU60088","S009084",0.000186672
"OTU105827","S009084",0.000186672
"OTU23860","S009084",7.47e-05
"OTU26541","S009084",7.47e-05
"OTU91370","S009084",7.47e-05
"OTU1123","S009084",3.73e-05
"OTU50986","S009084",7.47e-05
"OTU5609","S009084",0.000112003
"OTU20785","S009084",0.000112003
"OTU17328","S009084",3.73e-05
"OTU102408","S009084",0.000112003
"OTU38397","S009084",0.000112003
"OTU14378","S009084",3.73e-05
"OTU82364","S009084",3.73e-05
"OTU60086","S009084",7.47e-05
"OTU69608","S009084",3.73e-05
"OTU20438","S009084",7.47e-05
"OTU30087","S009084",7.47e-05
"OTU58978","S009084",7.47e-05
"OTU47187","S009084",3.73e-05
"OTU27244","S009084",3.73e-05
"OTU53053","S009084",3.73e-05
"OTU17354","S009084",3.73e-05
"OTU24667","S009084",3.73e-05
"OTU3203","S009084",7.47e-05
"OTU30009","S009084",3.73e-05
"OTU7117","S009084",3.73e-05
"OTU45000","S009084",7.47e-05
"OTU40384","S009084",3.73e-05
"OTU29392","S009084",3.73e-05
"OTU27638","S009084",3.73e-05
"OTU82815","S009084",3.73e-05
"OTU11085","S009084",7.47e-05
"OTU30204","S009084",3.73e-05
"OTU63761","S009084",3.73e-05
"OTU259","S009084",3.73e-05
"OTU150","S009085",0.33795767
"OTU956","S009085",0.452587672
"OTU1199","S009085",0.142005253
"OTU181","S009085",3.09e-05
"OTU776","S009085",0.000834235
"OTU55764","S009085",0.007600803
"OTU26338","S009085",0.010906844
"OTU8497","S009085",9.27e-05
"OTU16072","S009085",0.008249652
"OTU2259","S009085",0.005159895
"OTU13202","S009085",0.001235903
"OTU4375","S009085",0.000278078
"OTU8807","S009085",6.18e-05
"OTU1439","S009085",0.001637571
"OTU47832","S009085",0.000926927
"OTU30010","S009085",0.003707709
"OTU2677","S009085",0.000834235
"OTU1752","S009085",0.002626294
"OTU5539","S009085",0.001081415
"OTU3346","S009085",3.09e-05
"OTU14526","S009085",0.000834235
"OTU53175","S009085",0.001544879
"OTU84913","S009085",0.000957825
"OTU9489","S009085",0.000587054
"OTU666","S009085",3.09e-05
"OTU47141","S009085",0.000308976
"OTU13209","S009085",6.18e-05
"OTU2700","S009085",0.000401668
"OTU1023","S009085",0.000494361
"OTU53045","S009085",6.18e-05
"OTU1790","S009085",0.000247181
"OTU4227","S009085",0.000432566
"OTU97283","S009085",6.18e-05
"OTU62838","S009085",0.008373243
"OTU36484","S009085",0.000216283
"OTU60088","S009085",0.000370771
"OTU105827","S009085",0.000278078
"OTU23860","S009085",0.000247181
"OTU26541","S009085",0.000216283
"OTU91370","S009085",9.27e-05
"OTU1123","S009085",6.18e-05
"OTU50986","S009085",0.000278078
"OTU22483","S009085",0.000216283
"OTU20785","S009085",0.00012359
"OTU17328","S009085",3.09e-05
"OTU102408","S009085",6.18e-05
"OTU38397","S009085",3.09e-05
"OTU23813","S009085",3.09e-05
"OTU16029","S009085",0.00293527
"OTU82364","S009085",3.09e-05
"OTU37464","S009085",0.000278078
"OTU60086","S009085",0.00012359
"OTU42858","S009085",0.000154488
"OTU20438","S009085",3.09e-05
"OTU479","S009085",3.09e-05
"OTU85568","S009085",3.09e-05
"OTU52676","S009085",3.09e-05
"OTU30087","S009085",6.18e-05
"OTU58978","S009085",0.00012359
"OTU93076","S009085",3.09e-05
"OTU47187","S009085",3.09e-05
"OTU948","S009085",3.09e-05
"OTU27244","S009085",6.18e-05
"OTU3076","S009085",3.09e-05
"OTU3203","S009085",3.09e-05
"OTU73085","S009085",3.09e-05
"OTU45932","S009085",3.09e-05
"OTU36577","S009085",6.18e-05
"OTU3632","S009085",6.18e-05
"OTU23071","S009085",3.09e-05
"OTU28151","S009085",0.000339873
"OTU54842","S009085",6.18e-05
"OTU24997","S009085",0.00012359
"OTU84459","S009085",3.09e-05
"OTU45000","S009085",3.09e-05
"OTU49872","S009085",3.09e-05
"OTU69958","S009085",3.09e-05
"OTU3481","S009085",3.09e-05
"OTU29392","S009085",3.09e-05
"OTU27638","S009085",3.09e-05
"OTU4996","S009085",6.18e-05
"OTU54832","S009085",3.09e-05
"OTU56272","S009085",6.18e-05
"OTU41729","S009085",3.09e-05
"OTU758","S009085",6.18e-05
"OTU19750","S009085",3.09e-05
"OTU18209","S009085",3.09e-05
"OTU15756","S009085",3.09e-05
"OTU32413","S009085",6.18e-05
"OTU91020","S009085",3.09e-05
"OTU386","S009085",3.09e-05
"OTU32427","S009085",3.09e-05
"OTU150","S009086",0.846787248
"OTU956","S009086",0.011049335
"OTU1199","S009086",0.003941164
"OTU8142","S009086",0.029347597
"OTU2648","S009086",0.060665775
"OTU181","S009086",0.004926455
"OTU776","S009086",0.000844535
"OTU55764","S009086",0.008726863
"OTU96376","S009086",0.000703779
"OTU26338","S009086",0.000281512
"OTU8497","S009086",7.04e-05
"OTU16072","S009086",0.001126047
"OTU2259","S009086",0.008445352
"OTU24731","S009086",0.000281512
"OTU13202","S009086",0.002744739
"OTU52764","S009086",0.00035189
"OTU4375","S009086",0.001900204
"OTU1439","S009086",0.001477937
"OTU47832","S009086",0.001477937
"OTU2677","S009086",0.001829826
"OTU5539","S009086",0.000774157
"OTU3346","S009086",0.000211134
"OTU4186","S009086",0.000211134
"OTU14526","S009086",0.000985291
"OTU53175","S009086",0.001055669
"OTU84913","S009086",7.04e-05
"OTU10453","S009086",0.000633401
"OTU20411","S009086",0.002955873
"OTU53045","S009086",0.00035189
"OTU1790","S009086",0.000281512
"OTU5185","S009086",0.000492646
"OTU91370","S009086",7.04e-05
"OTU3650","S009086",0.000633401
"OTU51","S009086",0.000844535
"OTU17328","S009086",7.04e-05
"OTU12968","S009086",0.000844535
"OTU15064","S009086",7.04e-05
"OTU613","S009086",0.001196425
"OTU82364","S009086",0.000140756
"OTU69608","S009086",7.04e-05
"OTU20438","S009086",0.000140756
"OTU479","S009086",0.000140756
"OTU53053","S009086",7.04e-05
"OTU17354","S009086",7.04e-05
"OTU1213","S009086",7.04e-05
"OTU24667","S009086",7.04e-05
"OTU88759","S009086",7.04e-05
"OTU91071","S009086",7.04e-05
"OTU100","S009086",7.04e-05
"OTU13997","S009086",7.04e-05
"OTU3248","S009086",7.04e-05
"OTU13950","S009086",7.04e-05
"OTU91562","S009086",7.04e-05
"OTU150","S009087",0.743007143
"OTU956","S009087",0.007745933
"OTU1199","S009087",0.002926242
"OTU8142","S009087",0.190463895
"OTU776","S009087",0.001377055
"OTU55764","S009087",0.008692659
"OTU96376","S009087",0.018934504
"OTU26338","S009087",0.000172132
"OTU8497","S009087",8.61e-05
"OTU16072","S009087",0.000516396
"OTU2259","S009087",0.006110681
"OTU13202","S009087",0.003012307
"OTU52764","S009087",0.000516396
"OTU4375","S009087",0.001032791
"OTU1439","S009087",0.003012307
"OTU47832","S009087",0.002581978
"OTU30010","S009087",0.000172132
"OTU2677","S009087",0.001807384
"OTU5539","S009087",0.001290989
"OTU3346","S009087",8.61e-05
"OTU14526","S009087",0.000860659
"OTU53175","S009087",0.000344264
"OTU13209","S009087",8.61e-05
"OTU53045","S009087",0.000258198
"OTU1790","S009087",0.000516396
"OTU97283","S009087",0.00043033
"OTU91370","S009087",0.000172132
"OTU1123","S009087",8.61e-05
"OTU5609","S009087",8.61e-05
"OTU17328","S009087",0.000602461
"OTU38397","S009087",0.000602461
"OTU16029","S009087",0.000258198
"OTU14378","S009087",8.61e-05
"OTU20438","S009087",0.000172132
"OTU479","S009087",8.61e-05
"OTU85568","S009087",8.61e-05
"OTU52676","S009087",0.000172132
"OTU53053","S009087",0.000172132
"OTU17354","S009087",8.61e-05
"OTU1213","S009087",8.61e-05
"OTU73085","S009087",8.61e-05
"OTU69806","S009087",8.61e-05
"OTU36577","S009087",8.61e-05
"OTU1519","S009087",8.61e-05
"OTU57633","S009087",0.000172132
"OTU45000","S009087",0.000172132
"OTU102761","S009087",8.61e-05
"OTU13044","S009087",8.61e-05
"OTU5757","S009087",8.61e-05
"OTU97703","S009087",8.61e-05
"OTU5868","S009087",8.61e-05
"OTU98242","S009087",8.61e-05
"OTU150","S009090",0.201258283
"OTU956","S009090",0.157218392
"OTU1199","S009090",0.06170939
"OTU776","S009090",0.330499967
"OTU55764","S009090",0.002208688
"OTU35295","S009090",0.173214644
"OTU26338","S009090",0.007763871
"OTU8497","S009090",0.016665551
"OTU16072","S009090",0.002141758
"OTU2259","S009090",0.002543337
"OTU79705","S009090",0.016665551
"OTU13202","S009090",0.000669299
"OTU52764","S009090",6.69e-05
"OTU4375","S009090",0.000602369
"OTU1439","S009090",0.001405528
"OTU47832","S009090",0.001874038
"OTU30010","S009090",0.000803159
"OTU2677","S009090",0.001137809
"OTU1752","S009090",0.001003949
"OTU5539","S009090",0.00033465
"OTU14526","S009090",0.001204739
"OTU53175","S009090",0.00040158
"OTU84913","S009090",0.000803159
"OTU9489","S009090",0.00020079
"OTU47141","S009090",6.69e-05
"OTU2700","S009090",0.00026772
"OTU53045","S009090",0.00020079
"OTU1790","S009090",6.69e-05
"OTU41409","S009090",6.69e-05
"OTU4227","S009090",0.00026772
"OTU60088","S009090",6.69e-05
"OTU105827","S009090",0.00013386
"OTU23860","S009090",6.69e-05
"OTU91370","S009090",0.00013386
"OTU1123","S009090",0.003881936
"OTU50986","S009090",0.00020079
"OTU22483","S009090",6.69e-05
"OTU5609","S009090",0.003346496
"OTU17328","S009090",0.00013386
"OTU6323","S009090",0.00040158
"OTU23813","S009090",0.00013386
"OTU14378","S009090",0.000870089
"OTU1268","S009090",6.69e-05
"OTU15064","S009090",0.00013386
"OTU82364","S009090",6.69e-05
"OTU37464","S009090",6.69e-05
"OTU69608","S009090",0.00040158
"OTU42858","S009090",0.00013386
"OTU85568","S009090",0.000803159
"OTU30087","S009090",6.69e-05
"OTU58978","S009090",6.69e-05
"OTU93076","S009090",6.69e-05
"OTU948","S009090",6.69e-05
"OTU3203","S009090",6.69e-05
"OTU17726","S009090",0.000803159
"OTU95802","S009090",0.000803159
"OTU40931","S009090",6.69e-05
"OTU102257","S009090",6.69e-05
"OTU69806","S009090",0.00026772
"OTU52817","S009090",0.00013386
"OTU54842","S009090",0.00020079
"OTU13174","S009090",0.000535439
"OTU24997","S009090",0.00026772
"OTU13044","S009090",0.00020079
"OTU26736","S009090",6.69e-05
"OTU4231","S009090",6.69e-05
"OTU78390","S009090",6.69e-05
"OTU64969","S009090",0.00020079
"OTU55370","S009090",0.00020079
"OTU13118","S009090",0.00013386
"OTU19212","S009090",0.00013386
"OTU16589","S009090",0.00013386
"OTU96067","S009090",0.00013386
"OTU10477","S009090",0.00013386
"OTU41729","S009090",6.69e-05
"OTU4983","S009090",6.69e-05
"OTU89573","S009090",6.69e-05
"OTU16686","S009090",6.69e-05
"OTU72274","S009090",6.69e-05
"OTU64968","S009090",6.69e-05
"OTU41060","S009090",6.69e-05
"OTU72897","S009090",6.69e-05
"OTU8877","S009090",6.69e-05
"OTU150","S009095",0.932046643
"OTU956","S009095",0.000618601
"OTU2648","S009095",0.027929851
"OTU776","S009095",0.001329993
"OTU55764","S009095",0.009557391
"OTU35295","S009095",3.09e-05
"OTU8497","S009095",0.000587671
"OTU16072","S009095",6.19e-05
"OTU2259","S009095",0.006959265
"OTU13202","S009095",0.003340447
"OTU52764","S009095",0.000309301
"OTU4375","S009095",0.002134175
"OTU8807","S009095",3.09e-05
"OTU1439","S009095",0.002783706
"OTU47832","S009095",0.002134175
"OTU30010","S009095",3.09e-05
"OTU2677","S009095",0.001546503
"OTU5539","S009095",0.001175343
"OTU3346","S009095",0.00018558
"OTU14526","S009095",0.001732084
"OTU53175","S009095",0.000494881
"OTU47141","S009095",3.09e-05
"OTU20411","S009095",0.001732084
"OTU53045","S009095",0.000278371
"OTU1790","S009095",0.000278371
"OTU97283","S009095",3.09e-05
"OTU23860","S009095",3.09e-05
"OTU91370","S009095",0.00015465
"OTU1123","S009095",3.09e-05
"OTU419","S009095",3.09e-05
"OTU5609","S009095",3.09e-05
"OTU3650","S009095",0.000587671
"OTU17328","S009095",0.000433021
"OTU38397","S009095",9.28e-05
"OTU14378","S009095",9.28e-05
"OTU613","S009095",3.09e-05
"OTU82364","S009095",9.28e-05
"OTU69608","S009095",0.00012372
"OTU20438","S009095",3.09e-05
"OTU479","S009095",9.28e-05
"OTU52676","S009095",6.19e-05
"OTU3606","S009095",3.09e-05
"OTU17354","S009095",3.09e-05
"OTU1974","S009095",9.28e-05
"OTU1213","S009095",3.09e-05
"OTU24667","S009095",3.09e-05
"OTU73085","S009095",6.19e-05
"OTU69806","S009095",6.19e-05
"OTU11669","S009095",3.09e-05
"OTU1519","S009095",3.09e-05
"OTU57633","S009095",3.09e-05
"OTU26736","S009095",3.09e-05
"OTU40384","S009095",3.09e-05
"OTU14356","S009095",9.28e-05
"OTU71762","S009095",3.09e-05
"OTU42604","S009095",3.09e-05
"OTU43818","S009095",3.09e-05
"OTU73466","S009095",3.09e-05
"OTU150","S009096",0.00164535
"OTU956","S009096",0.749968956
"OTU1199","S009096",0.201757109
"OTU181","S009096",0.000124177
"OTU776","S009096",6.21e-05
"OTU252","S009096",0.001086552
"OTU55764","S009096",0.000465665
"OTU35295","S009096",3.1e-05
"OTU26338","S009096",0.015460077
"OTU16072","S009096",0.009468521
"OTU2259","S009096",6.21e-05
"OTU14879","S009096",3.1e-05
"OTU61757","S009096",9.31e-05
"OTU8807","S009096",3.1e-05
"OTU30010","S009096",0.004035763
"OTU1752","S009096",0.004315162
"OTU5518","S009096",6.21e-05
"OTU84913","S009096",0.002017882
"OTU9489","S009096",0.000776108
"OTU47141","S009096",3.1e-05
"OTU2700","S009096",0.00093133
"OTU1023","S009096",0.000993419
"OTU5185","S009096",3.1e-05
"OTU41409","S009096",0.000248355
"OTU4227","S009096",0.00071402
"OTU36484","S009096",0.000620887
"OTU60088","S009096",0.000310443
"OTU105827","S009096",0.000496709
"OTU23860","S009096",0.000403576
"OTU26541","S009096",0.000465665
"OTU50986","S009096",0.000155222
"OTU22483","S009096",0.000310443
"OTU20785","S009096",0.000155222
"OTU1664","S009096",6.21e-05
"OTU102408","S009096",0.000186266
"OTU23813","S009096",0.000372532
"OTU37464","S009096",3.1e-05
"OTU549","S009096",3.1e-05
"OTU60086","S009096",0.000186266
"OTU42858","S009096",0.000186266
"OTU85568","S009096",3.1e-05
"OTU30087","S009096",0.000372532
"OTU58978","S009096",0.000186266
"OTU93076","S009096",0.00021731
"OTU47187","S009096",9.31e-05
"OTU27244","S009096",3.1e-05
"OTU3076","S009096",3.1e-05
"OTU61153","S009096",3.1e-05
"OTU3203","S009096",3.1e-05
"OTU30009","S009096",3.1e-05
"OTU62733","S009096",3.1e-05
"OTU102257","S009096",3.1e-05
"OTU45932","S009096",6.21e-05
"OTU36577","S009096",6.21e-05
"OTU3632","S009096",6.21e-05
"OTU102761","S009096",3.1e-05
"OTU49872","S009096",9.31e-05
"OTU21935","S009096",3.1e-05
"OTU29392","S009096",3.1e-05
"OTU27638","S009096",3.1e-05
"OTU49869","S009096",3.1e-05
"OTU57526","S009096",3.1e-05
"OTU150","S009097",0.636531979
"OTU956","S009097",0.01096814
"OTU1199","S009097",0.003703528
"OTU181","S009097",9.5e-05
"OTU776","S009097",0.001851764
"OTU252","S009097",0.111960496
"OTU55764","S009097",0.010825697
"OTU26338","S009097",0.000237406
"OTU8497","S009097",0.002184132
"OTU16072","S009097",0.000379849
"OTU2259","S009097",0.007027207
"OTU79705","S009097",0.001756802
"OTU24731","S009097",0.089074593
"OTU13202","S009097",0.004083377
"OTU52764","S009097",0.049617777
"OTU4375","S009097",0.000712217
"OTU8807","S009097",0.007786905
"OTU1439","S009097",0.001376953
"OTU47832","S009097",0.0025165
"OTU30010","S009097",4.75e-05
"OTU2677","S009097",0.001804283
"OTU1752","S009097",4.75e-05
"OTU5539","S009097",0.001139547
"OTU5518","S009097",0.000379849
"OTU3346","S009097",0.000332368
"OTU4186","S009097",4.75e-05
"OTU14526","S009097",0.001044585
"OTU53175","S009097",0.001376953
"OTU84913","S009097",0.000142443
"OTU9489","S009097",4.75e-05
"OTU22980","S009097",0.02065429
"OTU13209","S009097",9.5e-05
"OTU2700","S009097",4.75e-05
"OTU53045","S009097",0.00042733
"OTU1790","S009097",0.000522292
"OTU27118","S009097",0.007549499
"OTU97283","S009097",0.001376953
"OTU72144","S009097",0.008309197
"OTU23860","S009097",4.75e-05
"OTU91370","S009097",0.000332368
"OTU1123","S009097",0.000379849
"OTU22483","S009097",4.75e-05
"OTU17328","S009097",0.000189925
"OTU1664","S009097",0.001139547
"OTU38397","S009097",9.5e-05
"OTU14378","S009097",0.000189925
"OTU15064","S009097",4.75e-05
"OTU82364","S009097",4.75e-05
"OTU549","S009097",0.000712217
"OTU1960","S009097",0.000142443
"OTU1595","S009097",0.000759698
"OTU20438","S009097",0.000142443
"OTU85568","S009097",0.000142443
"OTU169","S009097",0.000712217
"OTU4372","S009097",0.000522292
"OTU8560","S009097",9.5e-05
"OTU43759","S009097",0.000949623
"OTU53711","S009097",0.000332368
"OTU62733","S009097",0.000284887
"OTU86831","S009097",0.000284887
"OTU61101","S009097",0.000284887
"OTU44875","S009097",4.75e-05
"OTU69354","S009097",0.000237406
"OTU91071","S009097",0.000237406
"OTU69806","S009097",4.75e-05
"OTU37475","S009097",0.000189925
"OTU54842","S009097",4.75e-05
"OTU65588","S009097",9.5e-05
"OTU54606","S009097",0.00042733
"OTU1519","S009097",4.75e-05
"OTU96502","S009097",0.000189925
"OTU75968","S009097",0.000379849
"OTU40384","S009097",4.75e-05
"OTU3481","S009097",4.75e-05
"OTU51076","S009097",0.000189925
"OTU62880","S009097",0.000284887
"OTU45773","S009097",0.000189925
"OTU81025","S009097",4.75e-05
"OTU30744","S009097",4.75e-05
"OTU80098","S009097",4.75e-05
"OTU35001","S009097",4.75e-05
"OTU3168","S009097",9.5e-05
"OTU19616","S009097",9.5e-05
"OTU27482","S009097",9.5e-05
"OTU97276","S009097",4.75e-05
"OTU17874","S009097",4.75e-05
"OTU704","S009097",9.5e-05
"OTU87996","S009097",9.5e-05
"OTU30970","S009097",9.5e-05
"OTU4323","S009097",4.75e-05
"OTU97777","S009097",4.75e-05
"OTU18080","S009097",4.75e-05
"OTU83222","S009097",4.75e-05
"OTU2136","S009097",4.75e-05
"OTU90451","S009097",4.75e-05
"OTU46628","S009097",4.75e-05
"OTU84477","S009097",4.75e-05
"OTU35786","S009097",4.75e-05
"OTU64178","S009097",4.75e-05
